gene_IDs	gene_names	K_score
YALI0A16379g	YALI0A16379g	0.169334825217496
YALI0E34749g	YALI0E34749g	0.153941763262973
YALI0D16753g	YALI0D16753g	0.018814996252231
