{"EXC_OUT_m1640": 0.00028208,"xAMINOACID": 0.029626,"xBIOMASS": 0.029626,"xLIPID": 2.9626e-05,"xPOOL_AC_LP": 0.0043373,"y000005_EXP_1": 0.01308,"y000007": 0.0043846,"y000009_EXP_2": 0.0016893,"y000016_EXP_1": 0.0062214,"y000018_EXP_2": 0.009895,"y000020_EXP_2": 0.012533,"y000023_REV": 0.012472,"y000024": 0.012472,"y000027": 0.009895,"y000029": 0.012472,"y000032": 0.005777,"y000039": 0.012561,"y000040": 0.012561,"y000042_EXP_2": 2.8439e-05,"y000057": 1.3012e-05,"y000060_REV": 0.012472,"y000061": 0.012472,"y000065": 0.012561,"y000079": 0.0072494,"y000080_EXP_1": 0.0062896,"y000087": 0.00012828,"y000087_REV": 0.00012828,"y000096": 0.021123,"y000097_EXP_1": 0.021123,"y000102": 2.1686e-05,"y000103_EXP_2": 0.0038361,"y000105": 1.3012e-05,"y000109": 0.032245,"y000112": 0.11516,"y000115": 0.0067843,"y000117": 0.002118,"y000117_REV": 0.002118,"y000118": 0.0067843,"y000123": 2.1686e-05,"y000125": 1.3012e-05,"y000127": 9.0359e-06,"y000132": 2.9626e-06,"y000137": 6.4647e-05,"y000137_REV": 6.4647e-05,"y000142": 0.001905,"y000144": 0.001905,"y000148": 0.16777,"y000151": 0.0072494,"y000152": 0.0077619,"y000153": 0.0077619,"y000154": 0.005777,"y000174_EXP_2": 0.007795,"y000195": 9.4802e-05,"y000202": 0.0013924,"y000203": 0.0013924,"y000207": 0.0067843,"y000208": 0.0067843,"y000214_EXP_2": 0.0058096,"y000215": 0.019257,"y000216_EXP_2": 0.71874,"y000217_EXP_2": 0.78091,"y000218_REV_EXP_2": 3.4698e-05,"y000219": 0.019257,"y000225": 0.0043846,"y000226": 3.0734,"y000231": 0.00063935,"y000233": 0.00063935,"y000234": 0.00063935,"y000235": 0.00063935,"y000236": 0.00063935,"y000237": 0.00063935,"y000238": 0.00063935,"y000239": 0.00063935,"y000240": 0.00063935,"y000241": 0.00063935,"y000242": 0.00063935,"y000243_EXP_1": 0.00063935,"y000244": 0.00063935,"y000250_EXP_2": 0.012594,"y000251": 2.4945e-05,"y000256_EXP_3": 1.7349e-05,"y000257": 0.00088605,"y000258": 0.00082632,"y000272_EXP_3": 0.012052,"y000278": 0.011169,"y000279": 0.012561,"y000280_EXP_2": 0.050357,"y000300_EXP_2": 0.077322,"y000302_EXP_2": 0.050357,"y000303_EXP_2": 0.026965,"y000307": 0.0039639,"y000309": 0.0013924,"y000310_EXP_1": 0.0013924,"y000317": 0.00063935,"y000319": 0.00087867,"y000319_REV": 0.00087867,"y000327": 0.0011347,"y000344": 0.0011347,"y000349_REV": 0.0058096,"y000352": 0.021123,"y000353": 0.0062214,"y000354_EXP_1": 0.5577,"y000355": 0.0012787,"y000361": 0.0032707,"y000362_EXP_2": 0.0032707,"y000364": 0.0011347,"y000366": 0.41466,"y000438": 2.3005,"y000439": 1.1503,"y000446_REV_EXP_2": 0.0066101,"y000449": 0.045443,"y000450_REV": 0.045443,"y000451": 0.0082887,"y000452": 0.048761,"y000453": 0.0058096,"y000462": 0.0012787,"y000467_REV": 0.013376,"y000468": 0.0062759,"y000470": 0.15664,"y000471": 0.35916,"y000473": 0.0062759,"y000476": 0.058155,"y000477": 0.012052,"y000486": 0.45186,"y000487_EXP_4": 0.5577,"y000488": 2.4945e-05,"y000494": 0.0016893,"y000502_EXP_2": 0.025668,"y000505": 0.0082887,"y000514": 0.0038721,"y000520": 0.00076654,"y000520_REV": 0.00076654,"y000528": 0.0011169,"y000536": 0.0043846,"y000537": 0.0043846,"y000538": 0.0043846,"y000542": 0.014937,"y000542_REV": 0.0050424,"y000545": 0.009895,"y000547": 0.019257,"y000548": 0.01348,"y000549": 0.005777,"y000558": 0.0038361,"y000559": 0.0038361,"y000563": 0.0043846,"y000564": 0.0043846,"y000565": 0.0038721,"y000566": 0.0013924,"y000569_EXP_1": 0.012409,"y000569_EXP_2": 0.19052,"y000570": 0.011634,"y000658_EXP_3": 0.016228,"y000662_EXP_1": 0.018052,"y000662_EXP_2": 0.0089133,"y000663": 0.10629,"y000664_REV": 0.11252,"y000667": 0.0012787,"y000669": 0.0062214,"y000674_REV": 0.00146,"y000678": 0.009895,"y000679_REV": 0.0076731,"y000692": 0.004829,"y000698": 0.00063935,"y000699_REV": 0.012472,"y000708": 0.001537,"y000708_REV": 0.001537,"y000713_EXP_2": 0.85823,"y000714_REV": 0.8935,"y000715_REV_EXP_2": 3.4698e-05,"y000716_EXP_1": 0.036965,"y000717_EXP_1": 3.4698e-05,"y000718": 0.12935,"y000722": 0.0032707,"y000723_REV": 0.0032707,"y000725_EXP_1": 0.010001,"y000725_EXP_2": 0.008243,"y000726": 0.001905,"y000727": 0.0062896,"y000731": 0.018244,"y000736": 0.0038361,"y000739": 0.0038361,"y000757": 0.00010665,"y000758": 0.00010665,"y000759": 0.0067843,"y000760": 0.012052,"y000795": 0.0017083,"y000797": 0.0011347,"y000798": 0.0011169,"y000800": 0.011033,"y000811": 0.02919,"y000813": 0.005777,"y000816": 0.0067843,"y000818": 0.0067843,"y000820": 0.012478,"y000820_REV": 0.018288,"y000821": 0.0058096,"y000831": 0.0082887,"y000832": 0.0082887,"y000845": 1.3012e-05,"y000848": 8.6745e-06,"y000851_REV": 0.0067843,"y000855": 0.0072494,"y000859_EXP_1": 0.00042187,"y000860": 0.00080138,"y000875": 0.00010665,"y000877": 0.00072112,"y000880": 0.00077939,"y000882": 0.012052,"y000883": 0.005777,"y000888": 0.015905,"y000888_REV": 0.0027306,"y000891": 0.037202,"y000892": 0.45186,"y000893": 0.41466,"y000900": 0.00042187,"y000901": 0.00042187,"y000902_REV": 0.0032707,"y000904": 0.0038361,"y000908": 0.0072494,"y000909": 0.0043846,"y000910": 0.0043846,"y000911": 0.0072494,"y000912": 0.011634,"y000913": 0.0013924,"y000914": 0.0072494,"y000915": 0.0072494,"y000916_EXP_1": 0.018836,"y000917": 0.037202,"y000918": 0.037202,"y000938": 0.0067843,"y000939": 0.0043846,"y000957": 0.0066658,"y000958": 0.17483,"y000959_EXP_2": 0.20606,"y000961": 0.079422,"y000962": 0.38953,"y000974_EXP_3": 0.0011347,"y000976_EXP_3": 0.0022516,"y000978_EXP_3": 0.0011169,"y000982": 0.016744,"y000984_REV": 0.016744,"y000986": 0.00063935,"y000988": 0.009895,"y000989": 0.009895,"y000996": 0.012561,"y000997": 0.012561,"y001011": 0.00063935,"y001012": 0.00063935,"y001021": 0.041063,"y001022": 0.00049374,"y001025": 0.005777,"y001027": 0.005777,"y001038": 0.01028,"y001041": 0.01348,"y001045": 0.0011347,"y001048_REV": 0.0020916,"y001049_REV": 0.0020916,"y001050_REV": 0.014653,"y001051": 9.4802e-05,"y001053_EXP_1": 9.3589e-05,"y001054": 0.51056,"y001055": 0.0013924,"y001063": 0.0043846,"y001069": 0.012052,"y001072": 0.0039639,"y001084": 0.013175,"y001087": 0.012472,"y001088_REV": 0.021123,"y001095_EXP_1": 0.00031495,"y001095_REV_EXP_1": 0.00031495,"y001099": 0.009895,"y001106": 0.088887,"y001110": 3.0671,"y001112_REV": 0.96486,"y001115": 0.26495,"y001118": 0.78091,"y001126_REV": 0.97929,"y001127_REV": 0.012533,"y001130": 0.00082632,"y001171": 0.55772,"y001194": 0.14867,"y001237": 0.0067843,"y001244": 0.014096,"y001245": 2.6479,"y001265": 0.032775,"y001266": 0.005777,"y001277_REV": 3.9978,"y001543": 0.01308,"y001567_REV": 0.012533,"y001585": 0.0062214,"y001596": 0.10629,"y001632_REV": 0.007795,"y001634": 0.088887,"y001647_REV": 3.4698e-05,"y001654": -0.26495,"y001659_REV": 3.4698e-05,"y001663": 0.35272,"y001667": 0.21967,"y001668": 0.35272,"y001696_REV": 0.30466,"y001697": 0.35272,"y001700": 2.1686e-05,"y001704_REV": 0.0011169,"y001708": 0.012533,"y001729_REV": 0.0011347,"y001748_REV": 0.0032707,"y001754": 0.00063935,"y001758": 0.00062735,"y001771_REV": 1.3012e-05,"y001772_REV": 8.6745e-06,"y001808": -0.55772,"y001809": 2.4945e-05,"y001817": 3.4698e-05,"y001824": 1.8608,"y001825_REV": 0.001992,"y001827": 0.001596,"y001830_REV": 5.6385e-05,"y001832": -2.0798,"y001838": 0.009895,"y001874": 0.00146,"y001887": 0.0066658,"y001898": 0.11252,"y001930": 6.9396e-05,"y001932_REV": 0.0032707,"y001963_REV": 0.0012787,"y001964": 0.0012787,"y001977": 0.00063935,"y001978": 0.57514,"y001979": 0.5868,"y001980": 1.7349e-05,"y001992": -0.5868,"y002005": -0.014096,"y002032": 0.2021,"y002053": 0.00063935,"y002054": 0.00063935,"y002060": -0.005777,"y002093_REV": 0.021123,"y002094_REV": 0.00063935,"y002096_REV": 3.9323,"y002098": 5.6385e-05,"y002100": 3.645,"y002111": 0.029626,"y002116_EXP_2": 0.19827,"y002125_REV": 0.0041031,"y002131": 0.034129,"y002140": 0.00084873,"y002141": 0.003288,"y002182": 2.9626e-06,"y002183": 0.0031058,"y002200": 1.3012e-05,"y002201": 8.6745e-06,"y002221": 2.1686e-05,"y002250": 1.3012e-05,"y002251": 2.1686e-05,"y002268": 2.1686e-05,"y002305_EXP_2": 0.026965,"y003508": 1.3012e-05,"y003509": 8.6745e-06,"y003517": 2.9626e-06,"y003519": 0.0031058,"y003520_REV": 0.0022337,"y003525": 0.0025826,