{"EXC_OUT_m1640": 0.0083766,"xAMINOACID": 0.029925,"xBIOMASS": 0.029925,"xLIPID": 2.9925e-05,"xPOOL_AC_LP": 0.029808,"xPOOL_FA_LP": 9.9184e-05,"y000005_EXP_1": 0.013212,"y000007": 0.0044289,"y000009_EXP_3": 0.0097981,"y000016_EXP_1": 0.0062843,"y000018_EXP_3": 0.009995,"y000020_EXP_1": 0.012688,"y000023_REV": 0.012598,"y000025": 0.012598,"y000027": 0.009995,"y000030": 0.012598,"y000032": 0.0058354,"y000039": 0.012688,"y000040": 0.012688,"y000057": 8.9721e-05,"y000060_REV": 0.012598,"y000061": 0.012598,"y000065": 0.012688,"y000079": 0.0073226,"y000080_EXP_1": 0.0063531,"y000096": 0.021337,"y000097_EXP_1": 0.021337,"y000102": 0.00014953,"y000104_EXP_2": 0.0038749,"y000105": 8.9721e-05,"y000109": 0.22179,"y000112": 0.0058354,"y000115": 0.0068528,"y000118": 0.0068528,"y000123": 0.00014953,"y000125": 8.9721e-05,"y000127": 9.1271e-06,"y000132": 2.9925e-06,"y000142": 0.0019242,"y000144": 0.0019242,"y000148": 0.058861,"y000151": 0.0073226,"y000152": 0.0078404,"y000153": 0.0078404,"y000154": 0.0058354,"y000163_EXP_1": 0.39003,"y000165_EXP_5": 0.39003,"y000195": 9.576e-05,"y000202": 0.0014065,"y000203": 0.0014065,"y000207": 0.0068528,"y000208": 0.0068528,"y000214_EXP_3": 0.0058683,"y000215": 0.019451,"y000216_EXP_1": 0.7857,"y000217_EXP_1": 0.84854,"y000219": 0.019451,"y000225": 0.0044289,"y000226": 3.0665,"y000231": 0.00064581,"y000233": 0.00064581,"y000234": 0.00064581,"y000235": 0.00064581,"y000236": 0.00064581,"y000237": 0.00064581,"y000238": 0.00064581,"y000239": 0.00064581,"y000240": 0.00064581,"y000241": 0.00064581,"y000242": 0.00064581,"y000243_EXP_1": 0.00064581,"y000244": 0.00064581,"y000250_EXP_2": 0.012721,"y000251": 2.5197e-05,"y000253": 0.00023925,"y000254": 0.00023925,"y000256_EXP_3": 0.00011963,"y000257": 0.000895,"y000258": 5.0394e-05,"y000272_EXP_7": 0.012173,"y000278": 0.011282,"y000279": 0.012688,"y000300_EXP_1": 0.084178,"y000300_EXP_2": 0.22074,"y000303_EXP_2": 0.042494,"y000307": 0.004004,"y000309": 0.0014065,"y000317": 0.00064581,"y000326": 0.0011461,"y000330_REV": 0.0011282,"y000336": 0.008751,"y000337": 0.008751,"y000349_REV": 0.0058683,"y000352": 0.021337,"y000353": 0.0062843,"y000354_EXP_1": 0.704,"y000355": 0.0012916,"y000361": 0.0033037,"y000362_EXP_1": 0.0033037,"y000366": 0.50675,"y000400_REV": 8.9721e-05,"y000402": 0.00014953,"y000412_REV": 5.9814e-05,"y000438": 2.393,"y000439": 1.1965,"y000445_EXP_1": 0.099448,"y000446_EXP_1": 0.0029587,"y000446_REV_EXP_1": 0.10176,"y000449": 0.045902,"y000450_REV": 0.045902,"y000452": 0.022016,"y000453": 0.0058683,"y000462": 0.0012916,"y000467_REV": 0.013511,"y000471": 0.25935,"y000476": 0.058743,"y000477": 0.012173,"y000486": 0.58898,"y000487_EXP_1": 0.704,"y000491": 0.0098233,"y000496": 0.0097981,"y000499": 0.0073226,"y000501": 0.054792,"y000502_EXP_1": 0.12538,"y000503_REV_EXP_1": 0.054792,"y000514": 0.0039112,"y000529": 0.0011282,"y000536": 0.0044289,"y000537": 0.0044289,"y000538": 0.0044289,"y000542": 0.009995,"y000545": 0.009995,"y000546": 0.0061291,"y000547": 0.013322,"y000548": 0.013616,"y000549": 0.0058354,"y000558": 0.0038749,"y000560": 0.0038749,"y000563": 0.0044289,"y000564": 0.0044289,"y000565": 0.0039112,"y000566": 0.0014065,"y000569_EXP_1": 0.09132,"y000570": 0.011752,"y000658_EXP_3": 0.0080199,"y000663_REV": 0.0062843,"y000667": 0.0012916,"y000669": 0.0062843,"y000678": 0.009995,"y000679_REV": 0.0077506,"y000693": 0.0048778,"y000698": 0.00064581,"y000700_REV": 0.012598,"y000713_EXP_2": 1.1535,"y000714_REV": 1.1467,"y000715_REV_EXP_2": 0.00023925,"y000718": 0.015501,"y000722": 0.0033037,"y000723_REV": 0.0033037,"y000725_EXP_2": 0.11788,"y000726": 0.0019242,"y000727": 0.0063531,"y000732_EXP_1": 0.11788,"y000736": 0.0030586,"y000738": 0.00081629,"y000739": 0.0038749,"y000757": 0.00010773,"y000758": 0.00010773,"y000759": 0.0068528,"y000760": 0.012173,"y000792": 0.00078427,"y000796": 0.0011282,"y000800": 0.011144,"y000811": 0.030301,"y000813": 0.0058354,"y000815_REV_EXP_2": 0.0014065,"y000816": 0.0068528,"y000818": 0.0068528,"y000820_REV": 0.0058683,"y000821": 0.0058683,"y000851_REV": 0.018464,"y000855": 0.0073226,"y000859_EXP_1": 0.00042613,"y000860": 2.5197e-05,"y000875": 0.00010773,"y000877": 0.0007284,"y000880": 0.00078727,"y000882": 0.012173,"y000883": 0.0058354,"y000888": 0.013308,"y000891": 0.082233,"y000892": 0.58898,"y000893": 0.50675,"y000900": 0.00042613,"y000901": 0.00042613,"y000902_REV": 0.0033037,"y000904": 0.0038749,"y000907_EXP_1": 0.00019658,"y000907_REV_EXP_1": 0.00019658,"y000908": 0.0073226,"y000909": 0.0044289,"y000910": 0.0044289,"y000911": 0.0073226,"y000912": 0.011752,"y000913": 0.0014065,"y000914": 0.0073226,"y000915": 0.0073226,"y000916_EXP_1": 0.019026,"y000917": 0.082233,"y000918": 0.082233,"y000938": 0.0068528,"y000939": 0.0044289,"y000957": 0.0067331,"y000958_EXP_2": 0.098815,"y000961": 0.33889,"y000962": 0.48137,"y000974_EXP_1": 0.0011461,"y000976_EXP_1": 0.0022743,"y000978_EXP_1": 0.0011282,"y000982": 0.016914,"y000984_REV": 0.016914,"y000986": 0.00064581,"y000988": 0.009995,"y000989": 0.009995,"y000996": 0.012688,"y000997": 0.012688,"y001011": 0.00064581,"y001012": 0.00064581,"y001021": 0.0058683,"y001025": 0.0058354,"y001027": 0.0058354,"y001038": 0.010384,"y001041": 0.013616,"y001045": 0.0011461,"y001048_REV": 0.0021127,"y001049_REV": 0.0021127,"y001050_REV": 0.014801,"y001051": 9.576e-05,"y001054": 0.64827,"y001055": 0.0014065,"y001063": 0.0044289,"y001069": 0.012173,"y001072": 0.004004,"y001084": 0.013308,"y001088_REV": 0.0087381,"y001099": 0.009995,"y001110_EXP_2": 3.0597,"y001115_EXP_2": 0.26763,"y001118": 0.84854,"y001126_REV": 0.24973,"y001127_REV": 0.012688,"y001128_REV": 0.042494,"y001129": 0.0038749,"y001130": 5.0394e-05,"y001171": 0.704,"y001194": 0.035042,"y001237_EXP_2": 0.0068528,"y001244_EXP_2": 0.014238,"y001245_EXP_1": 2.8643,"y001265": 0.0058683,"y001266": 0.0058354,"y001277_REV": 4.3726,"y001543": 0.013212,"y001567_REV": 0.012688,"y001574_REV": 0.012598,"y001585": 0.0014065,"y001595": 0.012598,"y001596_REV": 0.0062843,"y001632_REV": 0.39003,"y001638": 0.00023925,"y001654": -0.26763,"y001665": 0.33333,"y001669_REV": 0.33333,"y001672": 0.50693,"y001673": 0.00023925,"y001694_REV": 0.33333,"y001696_REV": 0.50189,"y001697": 0.50693,"y001704_REV": 0.0022743,"y001708": 0.012688,"y001729_REV": 0.0011461,"y001748_REV": 0.0033037,"y001754": 0.00064581,"y001763_REV": 0.39003,"y001771_REV": 8.9721e-05,"y001772_REV": 5.9814e-05,"y001774": 0.00014953,"y001808": -0.704,"y001809": 2.5197e-05,"y001811": 0.10958,"y001824": 1.6162,"y001825_REV": 0.0020121,"y001829_REV": 0.33333,"y001832": -2.3344,"y001838": 0.009995,"y001840_REV": 0.0038749,"y001882": 0.00023925,"y001887": 0.0067331,"y001930": 0.00023925,"y001932_REV": 0.0033037,"y001963_REV": 0.0012916,"y001964": 0.0012916,"y001965_REV": 0.05967,"y001976": 0.00023925,"y001977": 0.00064581,"y001978": 0.59824,"y001979": 0.63343,"y001980": 0.00011963,"y001992": -0.63343,"y002005": -0.014238,"y002032": 0.09127,"y002034": 0.37235,"y002045_REV": 0.054792,"y002053": 0.00064581,"y002054": 0.00064581,"y002060": -0.0058354,"y002072": 0.0048778,"y002093_REV": 0.0087381,"y002094_REV": 0.00064581,"y002096_REV": 3.8005,"y002097": 0.33333,"y002100": 4.3726,"y002111": 0.029925,"y002117": 0.011611,"y002125_REV": 0.028441,"y002131": 0.034474,"y002132": 0.91922,"y002140": 0.0058348,"y002141": 0.022619,"y002182": 2.9925e-06,"y002183": 0.021363,"y002200": 8.9423e-05,"y002201": 5.9615e-05,"y002202_REV": 0.00016838,"y002204_REV": 4.1657e-06,"y002205_REV": 5.108e-05,"y002250": 8.9721e-05,"y002251": 0.00014953,"y002268": 0.00014953,"y002305_EXP_2": 0.042494,"y003508": 8.9721e-05,"y003509": 5.9814e-05,"y003517": 2.9925e-06,"y003519": 0.021363,"y003520_REV": 0.015402,"y003525": 0.026039,"y003526_REV": 0.045883,"y003528_REV": 1.212e-05,"y003531": 0.027317,"y003532": 0.027317,"y003533_REV": 0.027317,"y003536_REV": 0.000895,"y003537_REV": 0.008751,"y003538": 0.000895,"y003540_REV": 0.000895,"y003545": 0.00078727,"y003546": 0.00010773,"y003547": 0.0012784,"y003548_REV": 0.0012784,"y003552_REV": 0.00063369,