{"EXC_OUT_m1640": 0.000183,"xAMINOACID": 0.02,"xBIOMASS": 0.02,"xLIPID": 2e-05,"xPOOL_AC_LP": 0.0028383,"xPOOL_FA_LP": 6.6288e-05,"y000005_EXP_1": 0.00883,"y000007": 0.00296,"y000009_EXP_3": 0.001133,"y000016_EXP_1": 0.0042,"y000018_EXP_3": 0.00668,"y000023_REV": 0.00842,"y000025": 0.00842,"y000027": 0.00668,"y000029": 0.00842,"y000032": 0.0039,"y000039": 0.00848,"y000040": 0.00848,"y000042_EXP_2": 0.00848,"y000057": 8.7139e-06,"y000060_REV": 0.00842,"y000061": 0.00842,"y000065": 0.00848,"y000079": 0.004894,"y000080_EXP_1": 0.004246,"y000096": 0.01426,"y000097_EXP_1": 0.01426,"y000102": 1.4523e-05,"y000104_EXP_1": 0.0025897,"y000105": 8.7139e-06,"y000109": 0.071041,"y000112": 0.0039,"y000115": 0.00458,"y000118": 0.00458,"y000123": 1.4523e-05,"y000125": 8.7139e-06,"y000127": 4.0238e-05,"y000132": 2e-06,"y000142": 0.001286,"y000144": 0.001286,"y000148": 0.033207,"y000151": 0.004894,"y000152": 0.00524,"y000153": 0.00524,"y000154": 0.0039,"y000195": 6.4e-05,"y000202": 0.00094,"y000203": 0.00094,"y000207": 0.00458,"y000208": 0.00458,"y000214_EXP_3": 0.003922,"y000215": 0.056455,"y000216_REV_EXP_2": 0.085451,"y000219": 0.056455,"y000225": 0.00296,"y000226": 2.2218,"y000231": 0.00043162,"y000233": 0.00043162,"y000234": 0.00043162,"y000235": 0.00043162,"y000236": 0.00043162,"y000237": 0.00043162,"y000238": 0.00043162,"y000239": 0.00043162,"y000240": 0.00043162,"y000241": 0.00043162,"y000242": 0.00043162,"y000243_EXP_1": 0.00043162,"y000244": 0.00043162,"y000250_EXP_2": 0.008502,"y000251": 1.684e-05,"y000253": 2.3237e-05,"y000254": 2.3237e-05,"y000256_EXP_3": 1.1618e-05,"y000257": 0.00059816,"y000258": 3.368e-05,"y000272_EXP_1": 0.008136,"y000278": 0.00754,"y000279": 0.00848,"y000280_EXP_2": 0.080685,"y000300_EXP_1": 0.19407,"y000302_EXP_2": 0.080685,"y000307": 0.002676,"y000309": 0.00094,"y000310_EXP_1": 0.00094,"y000317": 0.00043162,"y000326": 0.000766,"y000330_REV": 0.000754,"y000336": 0.0004332,"y000337": 0.0004332,"y000344": 0.000766,"y000349_REV": 0.003922,"y000352": 0.01426,"y000353": 0.0042,"y000354_EXP_1": 0.46812,"y000355": 0.00086324,"y000361": 0.002208,"y000362_EXP_1": 0.002208,"y000366": 0.39781,"y000438": 1.7171,"y000439": 0.85856,"y000449": 0.030678,"y000450_REV": 0.030678,"y000451": 0.052285,"y000452": 0.014714,"y000453": 0.003922,"y000459": 0.008894,"y000462": 0.00086324,"y000467_REV": 0.00903,"y000468": 0.0045,"y000471": 0.16183,"y000473": 0.0045,"y000476": 0.03926,"y000477": 0.008136,"y000486": 0.39781,"y000487_EXP_8": 0.46812,"y000488": 0.0011499,"y000496": 0.001133,"y000501": 0.025115,"y000502_EXP_2": 0.017328,"y000503_REV_EXP_2": 0.025115,"y000505": 0.052285,"y000514": 0.002614,"y000528": 0.000754,"y000536": 0.00296,"y000537": 0.00296,"y000538": 0.00296,"y000542": 0.00668,"y000545": 0.00668,"y000547": 0.056455,"y000548": 0.052555,"y000549": 0.0039,"y000558": 0.0025897,"y000560": 0.0025897,"y000563": 0.00296,"y000564": 0.00296,"y000565": 0.002614,"y000566": 0.00094,"y000569_EXP_2": 0.0549,"y000570": 0.007854,"y000658_EXP_3": 0.057645,"y000663_REV": 0.0042,"y000667": 0.00086324,"y000669": 0.0042,"y000678": 0.00668,"y000679_REV": 0.00518,"y000693": 0.00326,"y000698": 0.00043162,"y000699_REV": 0.00842,"y000713_EXP_2": 0.19407,"y000714_REV": 0.37669,"y000715_REV_EXP_2": 2.3237e-05,"y000718": 0.24964,"y000722": 0.002208,"y000723_REV": 0.002208,"y000725_EXP_1": 0.007854,"y000726": 0.001286,"y000727": 0.004246,"y000732_EXP_1": 0.012316,"y000735": 0.00054556,"y000736": 0.0020442,"y000739": 0.0025897,"y000757": 7.2e-05,"y000758": 7.2e-05,"y000759": 0.00458,"y000760": 0.008136,"y000792": 0.00052416,"y000800": 0.007448,"y000811": 0.019706,"y000813": 0.0039,"y000816": 0.00458,"y000818": 0.00458,"y000820_REV": 0.003922,"y000821": 0.003922,"y000831": 0.052285,"y000832": 0.052285,"y000845": 8.7139e-06,"y000848": 5.8092e-06,"y000851_REV": 0.01234,"y000855": 0.004894,"y000859_EXP_2": 0.0002848,"y000860": 1.684e-05,"y000875": 7.2e-05,"y000877": 0.00048682,"y000880": 0.00052616,"y000882": 0.008136,"y000883": 0.0039,"y000888": 0.008894,"y000892": 0.39781,"y000893": 0.39781,"y000900": 0.0002848,"y000901": 0.0002848,"y000902_REV": 0.002208,"y000904": 0.0025897,"y000908": 0.004894,"y000909": 0.00296,"y000910": 0.00296,"y000911": 0.004894,"y000912": 0.007854,"y000913": 0.00094,"y000914": 0.004894,"y000915": 0.004894,"y000916_EXP_1": 0.012716,"y000938": 0.00458,"y000939": 0.00296,"y000957": 0.0045,"y000958_EXP_2": 0.37403,"y000961": 0.21692,"y000962": 0.38085,"y000974_EXP_1": 0.000766,"y000976_EXP_1": 0.00152,"y000978_EXP_1": 0.000754,"y000982": 0.011304,"y000984_REV": 0.011304,"y000986": 0.00043162,"y000988": 0.00668,"y000989": 0.00668,"y000996": 0.00848,"y000997": 0.00848,"y001011": 0.00043162,"y001012": 0.00043162,"y001021": 0.056207,"y001022": 0.052285,"y001025": 0.0039,"y001027": 0.0039,"y001038": 0.00694,"y001040": 0.043455,"y001041": 0.052555,"y001045": 0.000766,"y001048_REV": 0.001412,"y001049_REV": 0.001412,"y001050_REV": 0.009892,"y001051": 6.4e-05,"y001054": 0.43744,"y001055": 0.00094,"y001063": 0.00296,"y001069": 0.008136,"y001071_REV": 0.008894,"y001072": 0.002676,"y001088_REV": 0.00584,"y001099": 0.00668,"y001110_EXP_2": 2.2695,"y001112_REV": 0.03882,"y001115_EXP_2": 0.17887,"y001126_REV": 0.15221,"y001129": 0.0025897,"y001130": 3.368e-05,"y001171": 0.46927,"y001194": 0.015,"y001226": 0.23922,"y001237_EXP_2": 0.00458,"y001244_EXP_2": 0.0095158,"y001245_EXP_1": 2.3989,"y001265": 0.003922,"y001266": 0.0039,"y001277_REV": 2.8486,"y001543": 0.00883,"y001574_REV": 0.00842,"y001585": 0.00094,"y001596_REV": 0.0042,"y001631": 0.0009231,"y001633_REV": 0.0009231,"y001638": 2.3237e-05,"y001654": -0.17887,"y001665": 0.45358,"y001669_REV": 0.45358,"y001672": 0.28711,"y001673": 2.3237e-05,"y001686_REV": 0.02526,"y001687": 0.02526,"y001694_REV": 0.45358,"y001696_REV": 0.64978,"y001697": 0.28711,"y001700": 1.4523e-05,"y001704_REV": 0.00152,"y001729_REV": 0.000766,"y001748_REV": 0.002208,"y001754": 0.00043162,"y001758": 0.00038938,"y001759_REV": 3.4138e-05,"y001761": 0.042532,"y001762": 0.042532,"y001771_REV": 8.7139e-06,"y001772_REV": 5.8092e-06,"y001808": -0.46927,"y001809": 1.684e-05,"y001811": 0.050229,"y001824": 1.0034,"y001825_REV": 0.0013448,"y001827_REV": 3.4138e-05,"y001829_REV": 0.45358,"y001830_REV": 1.4523e-05,"y001832": -1.4822,"y001838": 0.00668,"y001840_REV": 0.0025897,"y001882": 2.3237e-05,"y001887": 0.0045,"y001930": 2.3237e-05,"y001932_REV": 0.002208,"y001963_REV": 0.00086324,"y001964": 0.00086324,"y001965_REV": 0.028375,"y001976": 2.3237e-05,"y001977": 0.00043162,"y001978": 0.42928,"y001979": 0.43713,"y001980": 1.1618e-05,"y001981_REV": 0.0061808,"y001992": -0.43713,"y002005": -0.0095158,"y002032": 0.054867,"y002045_REV": 0.025115,"y002053": 0.00043162,"y002054": 0.00043162,"y002055": 0.0061808,"y002060": -0.0039,"y002072": 0.00326,"y002093_REV": 0.00584,"y002094_REV": 0.00043162,"y002096_REV": 2.7548,"y002097": 0.45358,"y002098": 1.4523e-05,"y002100": 2.8486,"y002111": 0.02,"y002115_EXP_1": 0.042532,"y002117": 0.00776,"y002125_REV": 0.0027124,"y002131": 0.02304,"y002140": 0.0005684,"y002141": 0.0083827,"y002182": 2e-06,"y002183": 0.00208,"y002194": 8.515e-06,"y002195": 5.6767e-06,"y002196_REV": 1.2595e-05,"y002198_REV": 0.0061835,"y002221": 1.4523e-05,"y002250": 8.7139e-06,"y002251": 1.4523e-05,"y002268": 1.4523e-05,"y003253_EXP_2": 3.4138e-05,"y003508": 8.7139e-06,"y003509": 5.8092e-06,"y003510_REV": 1.2595e-05,"y003512_REV": 0.0061835,"y003515_REV": 8.515e-06,"y003516_REV": 5.6767e-06,"y003517": 1.4595e-05,"y003519": 0.0082635,"y003520_REV": 0.0014617,"y003525": 0.0018056,"y003526_REV": 0.0048868,"y003528_REV": 0.0062242,"y003531": 0.00266,"y003532": 0.00266,"y003533_REV": 0.00266,"y003536": 0.0055838,"y003537_REV": 0.0004332,"y003538": 0.00059816,"y003540_REV": 0.00059816,"y003543_REV": 0.0061819,"y003544": 0.0061819,"y003545": 0.00052616,"y003546": 7.2e-05,"y003547": 0.0008544,"y003548_REV": 0.0008544,"y003571": 1.2595e-05,"y003573": 2.7841e-06,"y003575": 8.515e-06,"y003576": 5.6767e-06,"y003577": 0.00053928,"y003579": 0.00011921,