{"EXC_OUT_m1640": 0.0032426,"xAMINOACID": 0.49351,"xBIOMASS": 0.49351,"xLIPID": 0.00049351,"xPOOL_AC_LP": 0.067656,"y000005_EXP_1": 0.21788,"y000007": 0.073039,"y000009_EXP_3": 0.026685,"y000016_EXP_1": 0.10364,"y000018_EXP_2": 0.16483,"y000020_EXP_2": 0.20925,"y000023_REV": 0.20777,"y000025": 0.20777,"y000027": 0.16483,"y000029": 0.20777,"y000032": 0.096234,"y000039": 0.20925,"y000040": 0.20925,"y000057": 0.00020297,"y000060_REV": 0.20777,"y000061": 0.20777,"y000065": 0.20925,"y000079": 0.12076,"y000080_EXP_1": 0.10477,"y000091_EXP_2": 0.73227,"y000096": 0.35187,"y000097_EXP_1": 0.35187,"y000102": 0.00033828,"y000104_EXP_1": 0.063902,"y000105": 0.00020297,"y000109": 0.50309,"y000112": 0.096234,"y000113": 0.49595,"y000115": 0.11301,"y000118": 0.11301,"y000123": 0.00033828,"y000125": 0.00020297,"y000127": 0.00015052,"y000132": 4.9351e-05,"y000142": 0.031733,"y000144": 0.031733,"y000148": 0.9726,"y000149": 0.49595,"y000151": 0.12076,"y000152": 0.1293,"y000153": 0.1293,"y000154": 0.096234,"y000175": 0.49595,"y000195": 0.0015792,"y000202": 0.023195,"y000203": 0.023195,"y000207": 0.11301,"y000208": 0.11301,"y000214_EXP_3": 0.096777,"y000215": 0.32078,"y000216_EXP_2": 11.1048,"y000217_EXP_2": 12.1405,"y000218_REV_EXP_2": 0.00054125,"y000219": 0.32078,"y000225": 0.073039,"y000226": 50.5928,"y000231": 0.01065,"y000233": 0.01065,"y000234": 0.01065,"y000235": 0.01065,"y000236": 0.01065,"y000237": 0.01065,"y000238": 0.01065,"y000239": 0.01065,"y000240": 0.01065,"y000241": 0.01065,"y000242": 0.01065,"y000243_EXP_1": 0.01065,"y000244": 0.01065,"y000250_EXP_2": 0.20979,"y000251": 0.00041553,"y000256_EXP_3": 0.00027063,"y000257": 0.01476,"y000258": 0.013765,"y000272_EXP_3": 0.20076,"y000278": 0.18605,"y000279": 0.20925,"y000300_EXP_1": 2.7791,"y000303_EXP_2": 1.8441,"y000307": 0.066031,"y000309": 0.023195,"y000310_EXP_1": 0.023195,"y000317": 0.01065,"y000327": 0.018901,"y000349_REV": 0.096777,"y000352": 0.35187,"y000353": 0.10364,"y000355": 0.021301,"y000361": 0.054483,"y000362_EXP_2": 0.054483,"y000364": 0.018901,"y000366": 5.9444,"y000438": 40.6308,"y000439": 20.3154,"y000446_EXP_1": 0.01065,"y000449": 1.0011,"y000450_REV": 1.0011,"y000451": 1.1433,"y000452": 0.36307,"y000453": 0.096777,"y000462": 0.021301,"y000466": 0.73227,"y000467_REV": 0.95508,"y000471": 0.56083,"y000472": 2.8127,"y000476": 3.7814,"y000477": 0.20076,"y000486": 6.5641,"y000488": 8.5702,"y000491_REV": 8.5431,"y000496": 0.026685,"y000502_EXP_2": 0.42758,"y000505": 1.1433,"y000514": 0.064501,"y000528": 0.018605,"y000536": 0.073039,"y000537": 0.073039,"y000538": 0.073039,"y000542": 0.16483,"y000545": 0.16483,"y000546": 0.32078,"y000548": 0.22455,"y000549": 0.096234,"y000558": 0.063902,"y000560": 0.063902,"y000563": 0.073039,"y000564": 0.073039,"y000565": 0.064501,"y000566": 0.023195,"y000569_EXP_2": 2.0543,"y000570": 0.1938,"y000659": 1.8441,"y000663_REV": 0.10326,"y000664_REV": 0.00037935,"y000667": 0.021301,"y000669": 0.10364,"y000674_REV": 0.02432,"y000678": 0.16483,"y000679_REV": 0.12782,"y000692": 0.080442,"y000698": 0.01065,"y000699_REV": 0.20777,"y000713_EXP_1": 14.9196,"y000714_REV": 13.3181,"y000715_REV_EXP_2": 0.00054125,"y000716_EXP_1": 0.16662,"y000717_EXP_1": 0.00054125,"y000719": 0.07257,"y000722": 0.054483,"y000723_REV": 0.054483,"y000725_EXP_2": 0.18315,"y000726": 0.031733,"y000727": 0.10477,"y000731": 0.30384,"y000732_EXP_2": 6.9076e-05,"y000736": 0.063902,"y000739": 0.063902,"y000757": 0.0017766,"y000758": 0.0017766,"y000759": 0.11301,"y000760": 0.20076,"y000795": 0.029913,"y000797": 0.018901,"y000798": 0.018605,"y000800": 0.18378,"y000811": 0.48625,"y000813": 0.096234,"y000816": 0.11301,"y000818": 0.11301,"y000820_REV": 0.096777,"y000821": 0.096777,"y000831": 1.1433,"y000832": 1.1433,"y000845": 0.00020297,"y000848": 0.00013531,"y000851_REV": 0.11301,"y000855": 0.12076,"y000859_EXP_2": 0.0070275,"y000860": 0.013349,"y000875": 0.0017766,"y000877": 0.012012,"y000880": 0.012983,"y000882": 0.20076,"y000883": 0.096234,"y000888": 0.21946,"y000889": 0.73227,"y000891": 0.61971,"y000892": 6.5641,"y000893": 5.9444,"y000900": 0.0070275,"y000901": 0.0070275,"y000902_REV": 0.054483,"y000904": 0.063902,"y000908": 0.12076,"y000909": 0.073039,"y000910": 0.073039,"y000911": 0.12076,"y000912": 0.1938,"y000913": 0.023195,"y000914": 0.12076,"y000915": 0.12076,"y000916_EXP_1": 0.31377,"y000917": 0.61971,"y000918": 0.61971,"y000938": 0.11301,"y000939": 0.073039,"y000957": 0.11104,"y000958": 1.2794,"y000959_EXP_2": 0.49595,"y000961": 2.8475,"y000962": 5.5259,"y000974_EXP_3": 0.018901,"y000976_EXP_3": 0.037507,"y000978_EXP_3": 0.018605,"y000982": 0.52302,"y000984": 0.20925,"y000986": 0.01065,"y000988": 0.16483,"y000989": 0.16483,"y000996": 0.20925,"y000997": 0.20925,"y001011": 0.01065,"y001012": 0.01065,"y001021": 1.2401,"y001022": 1.1433,"y001025": 0.096234,"y001027": 0.096234,"y001038": 0.17125,"y001041": 0.22455,"y001045": 0.018901,"y001048": 0.20925,"y001049": 0.20925,"y001051": 0.0015792,"y001053_EXP_1": 0.0015555,"y001054": 7.542,"y001055": 0.023195,"y001063": 0.073039,"y001069": 0.20076,"y001072": 0.066031,"y001084": 0.21946,"y001088_REV": 0.1441,"y001099": 0.16483,"y001110": 50.6313,"y001112_REV": 11.279,"y001115": 4.4136,"y001118": 12.1405,"y001126_REV": 13.8489,"y001127_REV": 0.20925,"y001129": 0.063902,"y001130": 0.013765,"y001171": 8.5702,"y001194": 0.39483,"y001237": 0.11301,"y001244": 0.23481,"y001245": 47.292,"y001265": 0.096777,"y001266": 0.096234,"y001277_REV": 66.7868,"y001543": 0.21788,"y001567_REV": 0.20925,"y001574_REV": 0.20777,"y001585": 0.10364,"y001596_REV": 0.10326,"y001632_REV": 0.49595,"y001647_REV": 0.00054125,"y001654": -4.4136,"y001659_REV": 0.00054125,"y001663": 6.7571,"y001667": 1.9923,"y001668": 6.7571,"y001696_REV": 4.6837,"y001697": 6.7571,"y001700": 0.00033828,"y001704_REV": 0.018605,"y001708": 0.20925,"y001729_REV": 0.018901,"y001748_REV": 0.054483,"y001754": 0.01065,"y001758": 0.010451,"y001771_REV": 0.00020297,"y001772_REV": 0.00013531,"y001808": -8.5702,"y001809": 0.00041553,"y001817": 0.00054125,"y001824": 29.6695,"y001825_REV": 0.033182,"y001827_REV": 0.0015555,"y001830_REV": 0.00087953,"y001832": -31.7173,"y001838": 0.16483,"y001840_REV": 0.063902,"y001874": 0.02432,"y001887": 0.11104,"y001898": 0.00037935,"y001930": 0.0010825,"y001932_REV": 0.054483,"y001963_REV": 0.021301,"y001964": 0.021301,"y001977": 0.01065,"y001978": 10.1577,"y001979": 10.3477,"y001980": 0.00027063,"y001992": -10.3477,"y002005": -0.23481,"y002032": 1.5446,"y002034": 3.6066,"y002053": 0.01065,"y002054": 0.01065,"y002060": -0.096234,"y002093_REV": 0.1441,"y002094_REV": 0.01065,"y002096_REV": 64.2453,"y002098": 0.00087953,"y002100": 60.0297,"y002111": 0.49351,"y002125_REV": 0.064003,"y002140": 0.013242,"y002141": 0.051299,"y002182": 4.9351e-05,"y002183": 0.048457,"y002200": 0.00020297,"y002201": 0.00013531,"y002221": 0.00033828,"y002250": 0.00020297,"y002251": 0.00033828,"y002268": 0.00033828,"y002305_EXP_2": 1.8441,"y003508": 0.00020297,"y003509": 0.00013531,"y003517": 4.9351e-05,"y003519": 0.048457,"y003520_REV": 0.034843,"y003525": 0.03737,"y003526_REV": 0.12394,"y003528_REV": 0.00019987,"y003531": 0.06197,"y003532": 0.06197,"y003533_REV": 0.06197,"y003536_REV": 0.01476,"y003538": 0.018277,"y003539_REV": 0.0035174,"y003540_REV": 0.01476,"y003545": 0.012983,"y003546": 0.0017766,"y003547": 0.021083,"y003548_REV": 0.021083,"y003577": 0.012855,"y003579": 0.0028416,"y003580": 0.034843,"y003581": 0.026685,"y003585": 0.00033828,"y003586_REV": 0.00033828,"y003587_REV": 0.00033828,"y003596": 0.0015555,"y003668": 0.026283,"y003669_REV": 0.012012,"y003681": 0.00020297,"y003682": 0.00013531,"y003721": 4.9351e-05,"y003722": 0.00015052,"y003939": 0.00019987,"y003957_REV": 0.00092138,"y003958": 0.00041553,"y003959_REV": 0.013765,"y003960": 0.013765,"y003961_REV": 0.013349,"y003962_REV": 0.013765,"y102512": 0.0035174,"y102542": 0.013349,"y102884": 0.010972,"y103098": 0.012934,"y103312": 0.010972,"y103554": 0.014489,"y103588_REV": 0.0015555,"y103672": 0.012934,"y103685": 0.010972,"y103731": 0.0070275,