{"EXC_OUT_m1640": 0.0059414,"xAMINOACID": 0.45357,"xBIOMASS": 0.45357,"xLIPID": 0.00045357,"xPOOL_AC_LP": 0.071523,"y000005_EXP_1": 0.20025,"y000007": 0.067128,"y000009_EXP_3": 0.027486,"y000016_EXP_1": 0.09525,"y000018_EXP_2": 0.15149,"y000020_EXP_2": 0.1923,"y000023_REV": 0.19095,"y000024": 0.19095,"y000027": 0.15149,"y000029": 0.19095,"y000032": 0.088446,"y000039": 0.19231,"y000040": 0.19231,"y000042_EXP_2": 9.8318e-06,"y000057": 0.00021457,"y000060_REV": 0.19095,"y000061": 0.19095,"y000065": 0.19231,"y000079": 0.11099,"y000080_EXP_1": 0.096293,"y000096": 0.3234,"y000097_EXP_1": 0.3234,"y000102": 0.00035761,"y000103_EXP_1": 0.058731,"y000105": 0.00021457,"y000109": 0.53162,"y000112": 1.393,"y000113": 0.58475,"y000115": 0.10387,"y000118": 0.10387,"y000123": 0.00035761,"y000125": 0.00021457,"y000127": 0.00013834,"y000132": 4.5357e-05,"y000142": 0.029165,"y000144": 0.029165,"y000148": 2.1985,"y000149": 0.58475,"y000151": 0.11099,"y000152": 0.11884,"y000153": 0.11884,"y000154": 0.088446,"y000174_EXP_2": 0.58475,"y000195": 0.0014514,"y000202": 0.021318,"y000203": 0.021318,"y000207": 0.10387,"y000208": 0.10387,"y000214_EXP_3": 0.088945,"y000215": 0.29482,"y000216_EXP_2": 13.5329,"y000217_EXP_2": 14.4847,"y000218_REV_EXP_2": 0.00057218,"y000219": 0.29482,"y000225": 0.067128,"y000226": 46.2104,"y000231": 0.0097885,"y000233": 0.0097885,"y000234": 0.0097885,"y000235": 0.0097885,"y000236": 0.0097885,"y000237": 0.0097885,"y000238": 0.0097885,"y000239": 0.0097885,"y000240": 0.0097885,"y000241": 0.0097885,"y000242": 0.0097885,"y000243_EXP_1": 0.0097885,"y000244": 0.0097885,"y000250_EXP_2": 0.19281,"y000251": 0.00038191,"y000256_EXP_3": 0.00028609,"y000257": 0.013565,"y000258": 0.012651,"y000272_EXP_3": 0.18451,"y000278": 0.171,"y000279": 0.19231,"y000280_EXP_2": 0.64407,"y000300_EXP_1": 0.64407,"y000302_EXP_2": 0.64407,"y000307": 0.060688,"y000309": 0.021318,"y000310_EXP_1": 0.021318,"y000317": 0.0097885,"y000327": 0.017372,"y000344": 0.017372,"y000349_REV": 0.088945,"y000352": 0.3234,"y000353": 0.09525,"y000354_EXP_1": 9.1701,"y000355": 0.019577,"y000361": 0.050074,"y000362_EXP_2": 0.050074,"y000364": 0.017372,"y000366": 6.9785,"y000438": 34.5232,"y000439": 17.2616,"y000446_REV_EXP_2": 0.1012,"y000449": 0.69573,"y000450_REV": 0.69573,"y000452": 0.33369,"y000453": 0.088945,"y000462": 0.019577,"y000467_REV": 0.20479,"y000470": 3.0485,"y000471": 6.149,"y000476": 0.89036,"y000477": 0.18451,"y000486": 7.5481,"y000487_EXP_4": 9.1701,"y000488": 0.00038191,"y000494": 0.027486,"y000502_EXP_2": 0.39298,"y000514": 0.059282,"y000528": 0.0171,"y000536": 0.067128,"y000537": 0.067128,"y000538": 0.067128,"y000542": 0.15149,"y000545": 0.15149,"y000547": 0.29482,"y000548": 0.20637,"y000549": 0.088446,"y000558": 0.058731,"y000559": 0.058731,"y000563": 0.067128,"y000564": 0.067128,"y000565": 0.059282,"y000566": 0.021318,"y000569_EXP_2": 3.3216,"y000570": 0.17812,"y000658_EXP_3": 0.12156,"y000663": 0.62265,"y000664_REV": 0.7179,"y000667": 0.019577,"y000669": 0.09525,"y000674_REV": 0.022352,"y000678": 0.15149,"y000679_REV": 0.11747,"y000692": 0.073932,"y000698": 0.0097885,"y000699_REV": 0.19095,"y000713_EXP_2": 15.1288,"y000714_REV": 15.6161,"y000715_REV_EXP_2": 0.00057218,"y000716_EXP_1": 0.15306,"y000717_EXP_1": 0.00057218,"y000718": 0.97521,"y000722": 0.050074,"y000723_REV": 0.050074,"y000725_EXP_2": 0.27932,"y000726": 0.029165,"y000727": 0.096293,"y000731": 0.27932,"y000736": 0.058731,"y000739": 0.058731,"y000757": 0.0016329,"y000758": 0.0016329,"y000759": 0.10387,"y000760": 0.18451,"y000795": 0.024531,"y000797": 0.017372,"y000798": 0.0171,"y000800": 0.16891,"y000811": 0.4469,"y000813": 0.088446,"y000816": 0.10387,"y000818": 0.10387,"y000820_REV": 0.088945,"y000821": 0.088945,"y000845": 0.00021457,"y000848": 0.00014305,"y000851_REV": 0.10387,"y000855": 0.11099,"y000859_EXP_2": 0.0064588,"y000860": 0.012269,"y000875": 0.0016329,"y000877": 0.01104,"y000880": 0.011933,"y000882": 0.18451,"y000883": 0.088446,"y000888": 0.2017,"y000891": 0.56956,"y000892": 7.5481,"y000893": 6.9785,"y000900": 0.0064588,"y000901": 0.0064588,"y000902_REV": 0.050074,"y000904": 0.058731,"y000908": 0.11099,"y000909": 0.067128,"y000910": 0.067128,"y000911": 0.11099,"y000912": 0.17812,"y000913": 0.021318,"y000914": 0.11099,"y000915": 0.11099,"y000916_EXP_1": 0.28838,"y000917": 0.56956,"y000918": 0.56956,"y000938": 0.10387,"y000939": 0.067128,"y000957": 0.10205,"y000958": 2.0844,"y000959_EXP_2": 4.3772,"y000961": 0.21082,"y000962": 6.5939,"y000974_EXP_3": 0.017372,"y000976_EXP_3": 0.034471,"y000978_EXP_3": 0.0171,"y000982": 0.25636,"y000984_REV": 0.25636,"y000986": 0.0097885,"y000988": 0.15149,"y000989": 0.15149,"y000996": 0.19231,"y000997": 0.19231,"y001011": 0.0097885,"y001012": 0.0097885,"y001021": 0.088945,"y001025": 0.088446,"y001027": 0.088446,"y001038": 0.15739,"y001041": 0.20637,"y001045": 0.017372,"y001048_REV": 0.032022,"y001049_REV": 0.032022,"y001050_REV": 0.22434,"y001051": 0.0014514,"y001053_EXP_1": 0.0014297,"y001054": 8.4468,"y001055": 0.021318,"y001063": 0.067128,"y001069": 0.18451,"y001072": 0.060688,"y001084": 0.2017,"y001087": 0.19095,"y001088_REV": 0.3234,"y001099": 0.15149,"y001106": 2.4879,"y001110": 44.937,"y001112_REV": 16.2963,"y001115": 4.0564,"y001118": 14.4847,"y001126_REV": 16.104,"y001127_REV": 0.1923,"y001130": 0.012651,"y001171": 9.1704,"y001194": 1.2714,"y001237": 0.10387,"y001244": 0.2158,"y001245": 39.2588,"y001265": 0.088945,"y001266": 0.088446,"y001277_REV": 61.3962,"y001543": 0.20025,"y001567_REV": 0.1923,"y001585": 0.09525,"y001596": 0.62265,"y001632_REV": 0.58475,"y001634": 2.4879,"y001647_REV": 0.00057218,"y001654": -4.0564,"y001659_REV": 0.00057218,"y001663": 4.9508,"y001667": 2.8088,"y001668": 4.9508,"y001696_REV": 2.4002,"y001697": 4.9508,"y001700": 0.00035761,"y001704_REV": 0.0171,"y001708": 0.1923,"y001729_REV": 0.017372,"y001748_REV": 0.050074,"y001754": 0.0097885,"y001758": 0.0096048,"y001771_REV": 0.00021457,"y001772_REV": 0.00014305,"y001808": -9.1704,"y001809": 0.00038191,"y001817": 0.00057218,"y001824": 27.3902,"y001825_REV": 0.030497,"y001827": 0.026057,"y001830_REV": 0.00092979,"y001832": -31.8256,"y001838": 0.15149,"y001874": 0.022352,"y001887": 0.10205,"y001898": 0.7179,"y001930": 0.0011444,"y001932_REV": 0.050074,"y001963_REV": 0.019577,"y001964": 0.019577,"y001977": 0.0097885,"y001978": 8.6308,"y001979": 8.814,"y001980": 0.00028609,"y001992": -8.814,"y002005": -0.2158,"y002032": 2.7242,"y002053": 0.0097885,"y002054": 0.0097885,"y002060": -0.088446,"y002093_REV": 0.3234,"y002094_REV": 0.0097885,"y002096_REV": 58.9964,"y002098": 0.00092979,"y002100": 56.4453,"y002111": 0.45357,"y002116_EXP_2": 3.7925,"y002125_REV": 0.06766,"y002131": 0.52251,"y002140": 0.013992,"y002141": 0.054209,"y002182": 4.5357e-05,"y002183": 0.051205,"y002200": 0.00021457,"y002201": 0.00014305,"y002221": 0.00035761,"y002250": 0.00021457,"y002251": 0.00035761,"y002268": 0.00035761,"y003508": 0.00021457,"y003509": 0.00014305,"y003517": 4.5357e-05,"y003519": 0.051205,"y003520_REV": 0.036834,"y003525": 0.045836,"y003526_REV": 0.13097,"y003528_REV": 0.0001837,"y003531": 0.065484,"y003532": 0.065484,"y003533_REV": 0.065484,"y003536_REV": 0.013565,"y003538": 0.013837,"y003539_REV": 0.00027165,"y003540_REV": 0.013565,"y003545": 0.011933,"y003546": 0.0016329,"y003547": 0.019377,"y003548_REV": 0.019377,"y003577": 0.013589,"y003579": 0.0030039,"y003580": 0.036834,"y003582": 0.027486,"y003583": 0.027486,"y003584_REV": 0.027486,"y003585": 0.00035761,"y003586_REV": 0.00035761,"y003587_REV": 0.00035761,"y003596": 0.0014297,"y003668": 0.024156,"y003669_REV": 0.01104,"y003681": 0.00021457,"y003682": 0.00014305,"y003721": 4.5357e-05,"y003722": 0.00013834,"y003939": 0.0001837,"y003957_REV": 0.00084682,"y003958": 0.00038191,"y003959_REV": 0.012651,"y003960": 0.012651,"y003961_REV": 0.012269,"y003962_REV": 0.012651,"y102512": 0.00027165,"y102542": 0.012269,"y102884": 0.013045,"y103098": 0.011887,"y103312": 0.013045,"y103554": 0.013317,"y103588_REV": 0.0014297,"y103672": 0.011887,"y103685": 0.013045,