{"xAMINOACID": 0.45286,"xBIOMASS": 0.45286,"xLIPID": 0.00045286,"xPOOL_AC_EM": 0.0059572,"xPOOL_AC_LP": 0.04524,"xPOOL_FA_LP": 0.001501,"y000005_EXP_1": 0.19994,"y000007": 0.067024,"y000009_EXP_3": 0.021512,"y000016_EXP_1": 0.095102,"y000018_EXP_3": 0.15126,"y000023_REV": 0.19066,"y000025": 0.19066,"y000027": 0.16226,"y000027_REV": 0.011003,"y000029": 0.19066,"y000032": 0.088309,"y000039": 0.19201,"y000040": 0.19201,"y000042_EXP_2": 0.19201,"y000057": 0.00015809,"y000060_REV": 0.19066,"y000061": 0.19066,"y000065": 0.19201,"y000079": 0.11082,"y000080_EXP_1": 0.096144,"y000087": 0.00027733,"y000087_REV": 0.00027733,"y000096": 0.32289,"y000097_EXP_1": 0.32289,"y000102": 0.00026349,"y000104_EXP_2": 0.05864,"y000105": 0.00015809,"y000109": 0.39207,"y000112": 0.071926,"y000113": 0.41303,"y000115": 0.10371,"y000117": 0.0040851,"y000117_REV": 0.0040851,"y000118": 0.10371,"y000123": 0.00026349,"y000125": 0.00015809,"y000127": 0.00013812,"y000132": 4.5286e-05,"y000137": 0.00017472,"y000137_REV": 0.00017472,"y000142": 0.02912,"y000144": 0.02912,"y000148": 0.87464,"y000149": 0.41303,"y000151": 0.11082,"y000152": 0.11865,"y000153": 0.11865,"y000154": 0.088309,"y000156": 0.095238,"y000174_EXP_1": 0.40252,"y000174_EXP_2": 0.061221,"y000195": 0.0014492,"y000202": 0.021285,"y000203": 0.021285,"y000207": 0.10371,"y000208": 0.10371,"y000214_EXP_3": 0.088807,"y000215": 0.29436,"y000216_REV_EXP_2": 0.95092,"y000219": 0.29436,"y000225": 0.067024,"y000226": 44.1477,"y000231": 0.0097733,"y000233": 0.0097733,"y000234": 0.0097733,"y000235": 0.0097733,"y000236": 0.0097733,"y000237": 0.0097733,"y000238": 0.0097733,"y000239": 0.0097733,"y000240": 0.0097733,"y000241": 0.0097733,"y000242": 0.0097733,"y000243_EXP_1": 0.0097733,"y000244": 0.0097733,"y000250_EXP_1": 0.11533,"y000250_EXP_2": 0.077186,"y000251": 0.00038131,"y000253": 0.00042158,"y000254": 0.00042158,"y000256_EXP_3": 0.00021071,"y000257": 0.013544,"y000258": 0.00076262,"y000272_EXP_1": 0.18423,"y000278": 0.17073,"y000279": 0.19201,"y000280_EXP_2": 2.7877,"y000300_EXP_1": 2.7726,"y000300_EXP_2": 0.75327,"y000302_EXP_2": 2.7877,"y000303_EXP_2": 0.095238,"y000307": 0.060593,"y000309": 0.021285,"y000310_EXP_1": 0.021285,"y000317": 0.0097733,"y000326": 0.017345,"y000330_REV": 0.017073,"y000336_1": 0.0056653,"y000337": 0.0056653,"y000344": 0.017345,"y000349_REV": 0.088807,"y000352": 0.32289,"y000353": 0.095102,"y000354_EXP_1": 8.6198,"y000355": 0.019547,"y000361": 0.049996,"y000362_EXP_1": 0.049996,"y000366": 6.5835,"y000438": 35.5316,"y000439": 17.7658,"y000446_EXP_1": 0.016991,"y000447_REV_EXP_1": 0.11803,"y000449": 0.69465,"y000450_REV": 0.69465,"y000451": 2.1446,"y000452": 0.42841,"y000453": 0.088807,"y000459": 0.20139,"y000462": 0.019547,"y000467_REV": 0.20447,"y000468": 0.040811,"y000470": 0.57509,"y000471": 3.7951,"y000473": 0.040811,"y000476": 0.88897,"y000477": 0.18423,"y000481_EXP_1": 2.2333,"y000483_EXP_1": 2.2333,"y000486": 7.0278,"y000487_EXP_8": 8.6198,"y000488": 0.021893,"y000496": 0.021512,"y000501": 0.12432,"y000502_EXP_2": 0.27434,"y000503_REV_EXP_2": 0.0062819,"y000505": 2.1446,"y000514": 0.059189,"y000520": 0.0021662,"y000520_REV": 0.0021662,"y000523_EXP_1": 0.0006454,"y000523_REV_EXP_1": 0.0006454,"y000528": 0.017073,"y000536": 0.067024,"y000537": 0.067024,"y000538": 0.067024,"y000542": 0.15126,"y000545": 0.15126,"y000547": 0.29436,"y000548": 0.20605,"y000549": 0.088309,"y000552": 1.5714e-07,"y000558": 0.05864,"y000560": 0.05864,"y000563": 0.067024,"y000564": 0.067024,"y000565": 0.059189,"y000566": 0.021285,"y000569_EXP_1": 1.354,"y000569_EXP_2": 0.42493,"y000570": 0.17784,"y000658_EXP_3": 2.384,"y000662_EXP_1": 0.087923,"y000662_EXP_2": 0.007315,"y000663_REV": 0.095102,"y000667": 0.019547,"y000669": 0.095102,"y000678": 0.15126,"y000679_REV": 0.11729,"y000693": 0.073817,"y000698": 0.0097733,"y000699_REV": 0.19066,"y000707": 0.0055931,"y000707_REV": 0.0055931,"y000713_EXP_2": 3.5259,"y000714_REV": 4.0161,"y000715_REV_EXP_2": 0.00042158,"y000718": 3.0636,"y000722": 0.049996,"y000723_REV": 0.049996,"y000724_EXP_1": 0.11803,"y000725_EXP_1": 0.16085,"y000726": 0.02912,"y000727": 0.096144,"y000732_EXP_1": 0.16085,"y000733_EXP_1": 0.11803,"y000735": 0.012353,"y000736": 0.046286,"y000739": 0.05864,"y000757": 0.0016303,"y000758": 0.0016303,"y000759": 0.10371,"y000760": 0.18423,"y000770": 0.00014319,"y000792": 0.011869,"y000800": 0.16865,"y000811": 0.44621,"y000813": 0.088309,"y000816": 0.10371,"y000818": 0.10371,"y000820": 0.010499,"y000820_REV": 0.099306,"y000821": 0.088807,"y000831": 2.1446,"y000832": 2.1446,"y000845": 0.00015809,"y000848": 0.0001054,"y000851_REV": 0.37466,"y000855": 0.11082,"y000859_EXP_1": 0.0064488,"y000860": 0.00038131,"y000875": 0.0016303,"y000877": 0.011023,"y000880": 0.011914,"y000882": 0.18423,"y000883": 0.088309,"y000888": 0.20139,"y000891": 0.44436,"y000892": 7.0278,"y000893": 6.5835,"y000900": 0.0064488,"y000901": 0.0064488,"y000902_REV": 0.049996,"y000904": 0.05864,"y000907_EXP_1": 0.012195,"y000907_REV_EXP_1": 0.012195,"y000908": 0.11082,"y000909": 0.067024,"y000910": 0.067024,"y000911": 0.11082,"y000912": 0.17784,"y000913": 0.021285,"y000914": 0.11082,"y000915": 0.11082,"y000916_EXP_1": 0.28793,"y000917": 0.44436,"y000918": 0.44436,"y000938": 0.10371,"y000939": 0.067024,"y000957": 0.10189,"y000958_EXP_2": 4.3245,"y000959_EXP_2": 0.46374,"y000961": 3.5796,"y000962": 6.1994,"y000974_EXP_1": 0.017345,"y000976_EXP_1": 0.034418,"y000978_EXP_1": 0.017073,"y000982": 0.25596,"y000984_REV": 0.25596,"y000986": 0.0097733,"y000988": 0.15126,"y000989": 0.15126,"y000996": 0.19201,"y000997": 0.19201,"y001011": 0.0097733,"y001012": 0.0097733,"y001021": 2.3286,"y001022": 2.0939,"y001025": 0.088309,"y001027": 0.088309,"y001038": 0.15714,"y001041": 0.20605,"y001045": 0.017345,"y001048_REV": 0.031972,"y001049_REV": 0.031972,"y001050_REV": 0.22399,"y001051": 0.0014492,"y001054": 7.9252,"y001055": 0.021285,"y001063": 0.067024,"y001069": 0.18423,"y001071_REV": 0.20139,"y001072": 0.060593,"y001088_REV": 0.13224,"y001095_EXP_1": 0.00020078,"y001095_REV_EXP_1": 0.00020078,"y001099": 0.15126,"y001106_EXP_2": 0.016382,"y001110_EXP_1": 2.6108,"y001110_EXP_2": 42.8191,"y001112_REV": 0.87901,"y001115_EXP_2": 4.0501,"y001126_REV": 1.6172,"y001129": 0.05864,"y001130": 0.00076262,"y001171": 8.6417,"y001194": 0.33965,"y001226": 2.8277,"y001237_EXP_2": 0.10371,"y001244_EXP_2": 0.21547,"y001245_EXP_1": 45.5255,"y001265": 0.18404,"y001266": 0.088309,"y001277_REV": 64.4798,"y001543": 0.19994,"y001574_REV": 0.19066,"y001585": 0.021285,"y001596_REV": 0.095102,"y001632_REV": 0.46374,"y001634": 0.016382,"y001654": -4.0501,"y001665": 4.909,"y001669_REV": 4.909,"y001672": 8.6657,"y001674": 0.00042158,"y001694_REV": 4.909,"y001696_REV": 12.269,"y001697": 8.6657,"y001700": 0.00026349,"y001704_REV": 0.034418,"y001729_REV": 0.017345,"y001748_REV": 0.049996,"y001754": 0.0097733,"y001758": 0.0095899,"y001771_REV": 0.00015809,"y001772_REV": 0.0001054,"y001794": 0.11803,"y001808": -8.6417,"y001809": 0.00038131,"y001811": 0.1306,"y001824": 26.584,"y001825_REV": 0.03045,"y001829_REV": 4.909,"y001830_REV": 0.00026349,"y001832": -35.4411,"y001838": 0.15126,"y001840_REV": 0.05864,"y001882": 0.00042158,"y001887": 0.10189,"y001930": 0.00042158,"y001932_REV": 0.049996,"y001963_REV": 0.019547,"y001964": 0.019547,"y001965_REV": 0.19813,"y001976": 0.00042158,"y001977": 0.0097733,"y001978": 8.8829,"y001979": 11.282,"y001980": 0.00021087,"y001991_REV": 1.5714e-07,"y001992": -11.282,"y002005": -0.21547,"y002032": 1.3651,"y002034": 1.2568,"y002037": 1.5714e-07,"y002045_REV": 0.0062819,"y002053": 0.0097733,"y002054": 0.0097733,"y002060": -0.088309,"y002072": 0.073817,"y002093_REV": 0.13224,"y002094_REV": 0.0097733,"y002096_REV": 53.8936,"y002097": 4.909,"y002098": 0.00026333,"y002100": 64.4798,"y002111": 0.45286,"y002117": 0.27095,"y002125_REV": 0.043381,"y002131": 0.40367,"y002140": 0.010321,"y002141": 0.039978,"y002182": 4.5286e-05,"y002183": 0.037764,"y002194": 1.7872e-05,"y002195": 1.1914e-05,"y002198_REV": 6.3041e-05,"y002199_REV": 0.000773,