{"EXC_OUT_m1640": 0.00016766,"xAMINOACID": 0.44834,"xBIOMASS": 0.44834,"xLIPID": 0.00044834,"xPOOL_AC_LP": 0.051214,"xPOOL_FA_LP": 0.001486,"y000005_EXP_1": 0.19794,"y000007": 0.066354,"y000009_EXP_3": 0.021464,"y000016_EXP_1": 0.094151,"y000018_EXP_2": 0.14974,"y000023_REV": 0.18875,"y000025": 0.18875,"y000027": 0.14974,"y000029": 0.18875,"y000032": 0.087426,"y000039": 0.19009,"y000040": 0.19009,"y000042_EXP_2": 0.19009,"y000057": 0.0001581,"y000060_REV": 0.18875,"y000061": 0.18875,"y000065": 0.19009,"y000068": 1.054,"y000079": 0.10971,"y000080_EXP_1": 0.095182,"y000087": 0.00027844,"y000087_REV": 0.00027844,"y000096": 0.31966,"y000097_EXP_1": 0.31966,"y000102": 0.0002635,"y000104_EXP_1": 0.050982,"y000104_EXP_2": 0.0070709,"y000105": 0.0001581,"y000109": 0.39207,"y000112": 0.99994,"y000115": 0.10267,"y000117": 0.0072731,"y000117_REV": 0.0072731,"y000118": 0.10267,"y000123": 0.0002635,"y000125": 0.0001581,"y000127": 0.00013674,"y000132": 4.4834e-05,"y000137": 0.00017542,"y000137_REV": 0.00017542,"y000142": 0.028828,"y000144": 0.028828,"y000148": 1.7946,"y000151": 0.10971,"y000152": 0.11746,"y000153": 0.11746,"y000154": 0.087426,"y000195": 0.0014347,"y000202": 0.021072,"y000203": 0.021072,"y000207": 0.10267,"y000208": 0.10267,"y000214_EXP_3": 0.087919,"y000215": 0.29142,"y000216_EXP_2": 7.2446,"y000217_EXP_2": 8.1855,"y000218_REV_EXP_2": 0.0004216,"y000219": 0.29142,"y000225": 0.066354,"y000226": 46.9554,"y000231": 0.0096755,"y000233": 0.0096755,"y000234": 0.0096755,"y000235": 0.0096755,"y000236": 0.0096755,"y000237": 0.0096755,"y000238": 0.0096755,"y000239": 0.0096755,"y000240": 0.0096755,"y000241": 0.0096755,"y000242": 0.0096755,"y000243_EXP_1": 0.0096755,"y000244": 0.0096755,"y000250_EXP_2": 0.19059,"y000251": 0.0003775,"y000256_EXP_3": 0.0002108,"y000257": 0.013409,"y000258": 0.012505,"y000272_EXP_3": 0.18238,"y000278": 0.16902,"y000279": 0.19009,"y000280_EXP_2": 1.6906,"y000300_EXP_1": 1.0707,"y000300_EXP_2": 0.75625,"y000302_EXP_2": 1.6906,"y000303_EXP_2": 0.13632,"y000307": 0.059987,"y000309": 0.021072,"y000310_EXP_1": 0.021072,"y000317": 0.0096755,"y000319": 0.002435,"y000319_REV": 0.002435,"y000326": 0.00011373,"y000327": 0.017058,"y000330_REV": 0.011205,"y000344": 0.017171,"y000349_REV": 0.087919,"y000352": 0.31966,"y000353": 0.094151,"y000354_EXP_1": 7.7061,"y000355": 0.019351,"y000361": 0.049496,"y000362_EXP_1": 0.018857,"y000362_EXP_2": 0.03064,"y000364": 0.017058,"y000366": 5.5455,"y000438": 36.0989,"y000439": 18.0495,"y000446_REV_EXP_2": 0.10003,"y000449": 0.6877,"y000450_REV": 0.6877,"y000451": 1.2782,"y000452": 0.24192,"y000453": 0.087919,"y000462": 0.019351,"y000467_REV": 0.20242,"y000469": 1.054,"y000470": 2.9817,"y000471": 6.0464,"y000476": 0.88008,"y000477": 0.18238,"y000486": 6.1085,"y000487_EXP_4": 7.7061,"y000488": 0.0003775,"y000494": 0.021464,"y000502_EXP_2": 0.38845,"y000514": 0.058598,"y000520": 0.0021748,"y000520_REV": 0.0021748,"y000523_EXP_1": 0.00064799,"y000523_REV_EXP_1": 0.00064799,"y000528": 0.016902,"y000536": 0.066354,"y000537": 0.066354,"y000538": 0.066354,"y000542": 0.15281,"y000542_REV": 0.0030705,"y000545": 0.14974,"y000547": 0.29142,"y000548": 0.20399,"y000549": 0.087426,"y000558": 0.058053,"y000560": 0.058053,"y000563": 0.066354,"y000564": 0.066354,"y000565": 0.058598,"y000566": 0.021072,"y000569_EXP_1": 1.8888,"y000569_EXP_2": 0.42662,"y000570": 0.17606,"y000658_EXP_3": 1.1742,"y000662_EXP_1": 0.12195,"y000662_EXP_2": 0.014367,"y000663": 0.34473,"y000664_REV": 0.43888,"y000667": 0.019351,"y000669": 0.094151,"y000674_REV": 0.022094,"y000678": 0.14974,"y000679_REV": 0.11612,"y000692": 0.073079,"y000698": 0.0096755,"y000699_REV": 0.18875,"y000706": 0.0030824,"y000706_REV": 0.0030824,"y000713_EXP_2": 10.0125,"y000714_REV": 11.2989,"y000715_REV_EXP_2": 0.0004216,"y000716_EXP_1": 0.28775,"y000717_EXP_1": 0.0004216,"y000718": 3.0952,"y000722": 0.049496,"y000723_REV": 0.049496,"y000725_EXP_1": 0.037092,"y000725_EXP_2": 0.239,"y000726": 0.028828,"y000727": 0.095182,"y000731": 0.27609,"y000736": 0.058053,"y000739": 0.058053,"y000757": 0.001614,"y000758": 0.001614,"y000759": 0.10267,"y000760": 0.18238,"y000795": 0.029953,"y000797": 0.017058,"y000798": 0.005697,"y000800": 0.16696,"y000811": 0.44175,"y000813": 0.087426,"y000816": 0.10267,"y000818": 0.10267,"y000820": 0.011448,"y000820_REV": 0.099367,"y000821": 0.087919,"y000845": 0.0001581,"y000848": 0.0001054,"y000851_REV": 0.10267,"y000855": 0.10971,"y000859_EXP_1": 0.0063843,"y000860": 0.012127,"y000875": 0.001614,"y000877": 0.010913,"y000880": 0.011795,"y000882": 0.18238,"y000883": 0.087426,"y000888": 0.36603,"y000888_REV": 0.16665,"y000891": 0.56299,"y000892": 6.1085,"y000893": 5.5455,"y000900": 0.0063843,"y000901": 0.0063843,"y000902_REV": 0.049496,"y000904": 0.058053,"y000908": 0.10971,"y000909": 0.066354,"y000910": 0.066354,"y000911": 0.10971,"y000912": 0.17606,"y000913": 0.021072,"y000914": 0.10971,"y000915": 0.10971,"y000916_EXP_1": 0.28505,"y000917": 0.56299,"y000918": 0.56299,"y000938": 0.10267,"y000939": 0.066354,"y000957": 0.10088,"y000958": 4.0552,"y000959_EXP_2": 0.97934,"y000961": 2.3396,"y000962": 5.1654,"y000974_EXP_3": 0.017171,"y000976_EXP_3": 0.034074,"y000978_EXP_3": 0.016902,"y000982": 0.2534,"y000984_REV": 0.2534,"y000986": 0.0096755,"y000988": 0.14974,"y000989": 0.14974,"y000996": 0.19009,"y000997": 0.19009,"y001011": 0.0096755,"y001012": 0.0096755,"y001021": 1.2782,"y001023": 1.054,"y001025": 0.087426,"y001027": 0.087426,"y001038": 0.15557,"y001041": 0.20399,"y001045": 0.017171,"y001048_REV": 0.031653,"y001049_REV": 0.031653,"y001050_REV": 0.22175,"y001051": 0.0014347,"y001054": 6.9969,"y001055": 0.021072,"y001063": 0.066354,"y001069": 0.18238,"y001072": 0.059987,"y001084": 0.19938,"y001088_REV": 0.13091,"y001095_EXP_1": 0.0017198,"y001095_REV_EXP_1": 0.0017198,"y001099": 0.14974,"y001106": 0.06683,"y001110": 46.8527,"y001112_REV": 10.5708,"y001115": 4.0096,"y001118": 8.1855,"y001126_REV": 10.7071,"y001129": 0.058053,"y001130": 0.012505,"y001171": 7.7065,"y001194": 0.79723,"y001226": 1.1224,"y001237": 0.10267,"y001244": 0.21331,"y001245": 44.6104,"y001264": 1.2782,"y001266": 0.087426,"y001277_REV": 60.3299,"y001543": 0.19794,"y001574_REV": 0.18875,"y001585": 0.094151,"y001596": 0.34473,"y001634": 0.06683,"y001647_REV": 0.0004216,"y001654": -4.0096,"y001659_REV": 0.0004216,"y001663": 5.9219,"y001667": 4.6379,"y001668": 5.9219,"y001696_REV": 7.689,"y001697": 5.9219,"y001700": 0.0002635,"y001704_REV": 0.017016,"y001729_REV": 0.017171,"y001748_REV": 0.049496,"y001754": 0.0096755,"y001758": 0.009494,"y001771_REV": 0.0001581,"y001772_REV": 0.0001054,"y001808": -7.7065,"y001809": 0.0003775,"y001817": 0.0004216,"y001824": 28.0553,"y001825_REV": 0.030145,"y001827": 0.021464,"y001830_REV": 0.0006851,"y001832": -30.0532,"y001838": 0.14974,"y001840_REV": 0.058053,"y001874": 0.022094,"y001887": 0.10088,"y001898": 0.43888,"y001930": 0.0008432,"y001932_REV": 0.049496,"y001963_REV": 0.019351,"y001964": 0.019351,"y001977": 0.0096755,"y001978": 9.0247,"y001979": 9.1894,"y001980": 0.0002108,"y001992": -9.1894,"y002005": -0.21331,"y002032": 2.3029,"y002053": 0.0096755,"y002054": 0.0096755,"y002060": -0.087426,"y002093_REV": 0.13091,"y002094_REV": 0.0096755,"y002096_REV": 59.6015,"y002098": 0.0006851,"y002100": 54.408,"y002111": 0.44834,"y002116_EXP_1": 0.91789,"y002116_EXP_2": 0.061449,"y002125_REV": 0.049027,"y002131": 0.51648,"y002140": 0.010321,"y002141": 0.039978,"y002182": 4.4834e-05,"y002183": 0.037765,"y002198_REV": 6.2411e-05,"y002199_REV": 0.00076527,"y002200": 0.00015364,"y002201": 0.00010243,"y002202_REV": 0.00028233,"y002221": 0.0002635,"y002250": 0.0001581,"y002251": 0.0002635,"y002268": 0.0002635,"y002305_EXP_2": 0.13632,"y003508": 0.0001581,"y003509": 0.0001054,"y003512_REV": 6.2411e-05,"y003513_REV": 0.00076527,"y003517": 4.4834e-05,"y003519": 0.037827,"y003520_REV": 0.026375,"y003525": 0.02317,"y003526_REV": 0.096593,"y003528_REV": 0.0010093,"y003531": 0.048297,"y003532": 0.048297,"y003533_REV": 0.048297,"y003536_REV": 0.012581,