{"EXC_OUT_m1640": 0.27477,"xMAINTENANCE": 48.7288,"xPOOL_AC_LP": 0.86677,"y000009_EXP_3": 0.27477,"y000057": 0.0026003,"y000091_EXP_2": 6.4254,"y000102": 0.0043339,"y000105": 0.0026003,"y000109": 6.4254,"y000123": 0.0043339,"y000125": 0.0026003,"y000148": 0.0043339,"y000216_EXP_2": 8.5932,"y000217_EXP_2": 8.5932,"y000226": 57.5907,"y000253": 0.0069342,"y000254": 0.0069342,"y000256_EXP_3": 0.0034671,"y000300_EXP_1": 7.2497,"y000337": 0.27477,"y000366": 7.2428,"y000438": 46.1713,"y000439": 23.0857,"y000449": 2.1418,"y000450_REV": 2.1418,"y000466": 6.4254,"y000467_REV": 6.4254,"y000486": 7.2428,"y000488": 9.6593,"y000491_REV": 9.3846,"y000496": 0.27477,"y000568_EXP_2": 0.0043339,"y000713_EXP_1": 15.8429,"y000714_REV": 15.836,"y000715_REV_EXP_2": 0.0069342,"y000845": 0.0026003,"y000848": 0.0017335,"y000889": 6.4254,"y000892": 7.2428,"y000893": 7.2428,"y000961": 7.2428,"y000962": 7.2428,"y000982": 2.1418,"y000984": 4.2836,"y001048": 2.1418,"y001049": 2.1418,"y001050": 2.1418,"y001054": 7.2428,"y001110": 57.5907,"y001112_REV": 8.5864,"y001118": 8.5932,"y001120": 0.0069342,"y001126_REV": 15.8361,"y001171": 9.6593,"y001245": 57.5907,"y001277_REV": 73.3972,"y001663": 13.6682,"y001667": 6.4254,"y001668": 13.6682,"y001674": 0.0069342,"y001696_REV": 7.2428,"y001697": 13.6682,"y001700": 0.0043339,"y001771_REV": 0.0026003,"y001772_REV": 0.0017335,"y001808": -9.6593,"y001824": 39.0695,"y001830_REV": 0.0043339,"y001832": -35.0607,"y001930": 0.0069342,"y001978": 11.5428,"y001979": 12.3377,"y001980": 0.0034671,"y001992": -12.3377,"y002034": 7.2428,"y002096_REV": 73.4267,"y002098": 0.0043339,"y002100": 59.7291,"y002125_REV": 0.81997,"y002132": 0.0067791,"y002140": 0.16902,"y002141": 0.65528,"y002183": 0.61888,"y002200": 0.0026003,"y002201": 0.0017335,"y002221": 0.0043339,"y002250": 0.0026003,"y002251": 0.0043339,"y002268": 0.0043339,"y003508": 0.0026003,"y003509": 0.0017335,"y003519": 0.61888,"y003520_REV": 0.44639,"y003525": 0.79136,"y003526_REV": 1.308,"y003531": 0.79136,"y003532": 0.79136,"y003533_REV": 0.79136,"y003537_REV": 0.27477,"y003577": 0.16469,"y003579": 0.036404,"y003580": 0.44639,"y003581": 0.27477,"y003585": 0.0043339,"y003586_REV": 0.0043339,"y003587_REV": 0.0043339,"y003681": 0.0026003,"y003682": 0.0017335,"y102884": 0.27477,"y103312": 0.27477,"y103685": 0.27477,"y103739_REV": 0.27477,"y103751": 0.27477,"y103755": 0.27477,"y200003": 7.2497,"y300009": 0.17249,"y300018_REV": 0.17249,"y300019": 0.17249,"y300029": 23.0857,"usage_prot_F2Z6I5": -0.031216,"usage_prot_O74936": -0.0044039,"usage_prot_P29407": -0.093527,"usage_prot_P30614": -0.49142,"usage_prot_P34229": -5.2949,"usage_prot_Q05493": -0.012916,"usage_prot_Q6BZT7": -6.3247e-08,"usage_prot_Q6BZZ9": -0.38088,"usage_prot_Q6C0Y7": -0.18032,"usage_prot_Q6C1F3": -0.4138,"usage_prot_Q6C1K2": -1.6347,"usage_prot_Q6C1N6": -0.014121,"usage_prot_Q6C1T4": -0.00014881,"usage_prot_Q6C2I1": -0.17009,"usage_prot_Q6C2T9": -0.10788,"usage_prot_Q6C3E1": -0.087845,"usage_prot_Q6C3H5": -2.4514,"usage_prot_Q6C416": -0.00033367,"usage_prot_Q6C4G4": -0.149,"usage_prot_Q6C4K5": -1.6632,"usage_prot_Q6C4Y7": -1.2236,"usage_prot_Q6C5M4": -0.141,"usage_prot_Q6C5X9": -0.0012541,"usage_prot_Q6C682": -3.0029,"usage_prot_Q6C6T4": -6.203,"usage_prot_Q6C7I2": -0.61473,"usage_prot_Q6C7L9": -0.017108,"usage_prot_Q6C7Y1": -1.8567,"usage_prot_Q6C812": -0.18936,"usage_prot_Q6C8C6": -0.21975,"usage_prot_Q6C8Q3": -0.0035719,"usage_prot_Q6C8R8": -0.00036984,"usage_prot_Q6C8V3": -1.8976,"usage_prot_Q6C8W4": -0.00045777,"usage_prot_Q6CAH9": -4.949e-05,"usage_prot_Q6CC71": -0.024899,"usage_prot_Q6CC91": -0.001245,"usage_prot_Q6CCU7": -0.51954,"usage_prot_Q6CCW6": -5.7307,"usage_prot_Q6CDI7": -2.9967,"usage_prot_Q6CE16": -4.6119,"usage_prot_Q6CEH4": -1.3102,"usage_prot_Q6CF46": -0.0093808,"usage_prot_Q6CF67": -0.18118,"usage_prot_Q6CFH4": -0.00039062,"usage_prot_Q6CFX7": -0.10461,"usage_prot_Q6CG57": -3.7805e-05,"usage_prot_Q6CGV1": -4.4558,"usage_prot_Q9UVF4": -0.98993,"prot_pool_exchange": -49.49}