{"EXC_OUT_m1640": 0.006287,"xAMINOACID": 0.54671,"xBIOMASS": 0.54671,"xLIPID": 0.00054671,"xPOOL_AC_LP": 0.083451,"y000005_EXP_1": 0.24137,"y000007": 0.080912,"y000009_EXP_3": 0.032256,"y000016_EXP_1": 0.11481,"y000018_EXP_2": 0.1826,"y000020_EXP_2": 0.2318,"y000023_REV": 0.23016,"y000025": 0.23016,"y000027": 0.1826,"y000029": 0.23016,"y000032": 0.10661,"y000039": 0.2318,"y000040": 0.2318,"y000057": 0.00025035,"y000060_REV": 0.23016,"y000061": 0.23016,"y000065": 0.2318,"y000079": 0.13378,"y000080_EXP_1": 0.11607,"y000096": 0.3898,"y000097_EXP_1": 0.3898,"y000102": 0.00041725,"y000104_EXP_1": 0.070791,"y000105": 0.00025035,"y000109": 0.62034,"y000112": 1.2134,"y000115": 0.1252,"y000118": 0.1252,"y000123": 0.00041725,"y000125": 0.00025035,"y000127": 0.00016675,"y000132": 5.4671e-05,"y000142": 0.035154,"y000144": 0.035154,"y000148": 2.1843,"y000151": 0.13378,"y000152": 0.14324,"y000153": 0.14324,"y000154": 0.10661,"y000195": 0.0017495,"y000202": 0.025695,"y000203": 0.025695,"y000207": 0.1252,"y000208": 0.1252,"y000214_EXP_3": 0.10721,"y000215": 0.35536,"y000216_EXP_2": 16.0069,"y000217_EXP_2": 17.1542,"y000218_REV_EXP_2": 0.00066761,"y000219": 0.35536,"y000225": 0.080912,"y000226": 52.54,"y000231": 0.011798,"y000233": 0.011798,"y000234": 0.011798,"y000235": 0.011798,"y000236": 0.011798,"y000237": 0.011798,"y000238": 0.011798,"y000239": 0.011798,"y000240": 0.011798,"y000241": 0.011798,"y000242": 0.011798,"y000243_EXP_1": 0.011798,"y000244": 0.011798,"y000250_EXP_2": 0.2324,"y000251": 0.00046033,"y000256_EXP_3": 0.0003338,"y000257": 0.016351,"y000258": 0.015249,"y000272_EXP_3": 0.2224,"y000278": 0.20611,"y000279": 0.2318,"y000280_EXP_2": 0.80343,"y000300_EXP_1": 0.80343,"y000302_EXP_2": 0.80343,"y000307": 0.073149,"y000309": 0.025695,"y000310_EXP_1": 0.025695,"y000317": 0.011798,"y000327": 0.020939,"y000344": 0.020939,"y000349_REV": 0.10721,"y000352": 0.3898,"y000353": 0.11481,"y000354_EXP_1": 10.7275,"y000355": 0.023597,"y000361": 0.060356,"y000362_EXP_2": 0.060356,"y000364": 0.020939,"y000366": 8.0868,"y000438": 39.9677,"y000439": 19.9838,"y000446_EXP_1": 0.011798,"y000449": 0.83859,"y000450_REV": 0.83859,"y000451": 0.027104,"y000452": 0.40221,"y000453": 0.10721,"y000462": 0.023597,"y000467_REV": 0.24684,"y000470": 3.3907,"y000471": 7.1278,"y000476": 1.0732,"y000477": 0.2224,"y000486": 8.7733,"y000487_EXP_4": 10.7275,"y000488": 0.00046033,"y000494": 0.032256,"y000502_EXP_2": 0.47368,"y000505": 0.027104,"y000514": 0.071454,"y000528": 0.020611,"y000536": 0.080912,"y000537": 0.080912,"y000538": 0.080912,"y000542": 0.1826,"y000545": 0.1826,"y000547": 0.35536,"y000548": 0.24875,"y000549": 0.10661,"y000558": 0.070791,"y000560": 0.070791,"y000563": 0.080912,"y000564": 0.080912,"y000565": 0.071454,"y000566": 0.025695,"y000569_EXP_2": 2.8332,"y000570": 0.21469,"y000658_EXP_3": 0.17362,"y000663_REV": 0.11481,"y000667": 0.023597,"y000669": 0.11481,"y000674_REV": 0.026942,"y000678": 0.1826,"y000679_REV": 0.1416,"y000692": 0.089113,"y000698": 0.011798,"y000699_REV": 0.23016,"y000713_EXP_2": 17.9577,"y000714_REV": 17.4225,"y000715_REV_EXP_2": 0.00066761,"y000716_EXP_1": 0.18451,"y000717_EXP_1": 0.00066761,"y000718": 0.079972,"y000722": 0.060356,"y000723_REV": 0.060356,"y000725_EXP_2": 0.20289,"y000726": 0.035154,"y000727": 0.11607,"y000731": 0.33667,"y000736": 0.070791,"y000739": 0.070791,"y000757": 0.0019681,"y000758": 0.0019681,"y000759": 0.1252,"y000760": 0.2224,"y000795": 0.030443,"y000797": 0.020939,"y000798": 0.020611,"y000800": 0.20359,"y000811": 0.53867,"y000813": 0.10661,"y000816": 0.1252,"y000818": 0.1252,"y000820_REV": 0.10721,"y000821": 0.10721,"y000831": 0.027104,"y000832": 0.027104,"y000845": 0.00025035,"y000848": 0.0001669,"y000851_REV": 0.1252,"y000855": 0.13378,"y000859_EXP_2": 0.0077851,"y000860": 0.014788,"y000875": 0.0019681,"y000877": 0.013307,"y000880": 0.014383,"y000882": 0.2224,"y000883": 0.10661,"y000888": 0.24312,"y000891": 0.68651,"y000892": 8.7733,"y000893": 8.0868,"y000900": 0.0077851,"y000901": 0.0077851,"y000902_REV": 0.060356,"y000904": 0.070791,"y000908": 0.13378,"y000909": 0.080912,"y000910": 0.080912,"y000911": 0.13378,"y000912": 0.21469,"y000913": 0.025695,"y000914": 0.13378,"y000915": 0.13378,"y000916_EXP_1": 0.3476,"y000917": 0.68651,"y000918": 0.68651,"y000938": 0.1252,"y000939": 0.080912,"y000957": 0.12301,"y000958": 1.4169,"y000959_EXP_2": 3.7769,"y000961": 1.4286,"y000962": 7.6232,"y000974_EXP_3": 0.020939,"y000976_EXP_3": 0.04155,"y000978_EXP_3": 0.020611,"y000982": 0.309,"y000984_REV": 0.309,"y000986": 0.011798,"y000988": 0.1826,"y000989": 0.1826,"y000996": 0.2318,"y000997": 0.2318,"y001011": 0.011798,"y001012": 0.011798,"y001021": 0.13431,"y001022": 0.027104,"y001025": 0.10661,"y001027": 0.10661,"y001038": 0.18971,"y001041": 0.24875,"y001045": 0.020939,"y001048_REV": 0.038597,"y001049_REV": 0.038597,"y001050_REV": 0.2704,"y001051": 0.0017495,"y001053_EXP_1": 0.0017232,"y001054": 9.8566,"y001055": 0.025695,"y001063": 0.080912,"y001069": 0.2224,"y001072": 0.073149,"y001084": 0.24312,"y001088_REV": 0.15964,"y001099": 0.1826,"y001106": 2.6701,"y001110": 52.4419,"y001112_REV": 18.2423,"y001115": 4.8894,"y001118": 17.1542,"y001126_REV": 18.0104,"y001127_REV": 0.2318,"y001129": 0.070791,"y001130": 0.015249,"y001171": 10.7279,"y001194": 0.43697,"y001237": 0.1252,"y001244": 0.26012,"y001245": 46.5289,"y001265": 0.10721,"y001266": 0.10661,"y001277_REV": 73.4029,"y001543": 0.24137,"y001567_REV": 0.2318,"y001574_REV": 0.23016,"y001585": 0.11481,"y001596_REV": 0.11481,"y001634": 2.6701,"y001647_REV": 0.00066761,"y001654": -4.8894,"y001659_REV": 0.00066761,"y001663": 5.697,"y001667": 2.2696,"y001668": 5.697,"y001696_REV": 3.0263,"y001697": 5.697,"y001700": 0.00041725,"y001704_REV": 0.020611,"y001708": 0.2318,"y001729_REV": 0.020939,"y001748_REV": 0.060356,"y001754": 0.011798,"y001758": 0.011577,"y001771_REV": 0.00025035,"y001772_REV": 0.0001669,"y001808": -10.7279,"y001809": 0.00046033,"y001817": 0.00066761,"y001824": 32.7407,"y001825_REV": 0.036759,"y001827": 0.030533,"y001830_REV": 0.0010849,"y001832": -38.0318,"y001838": 0.1826,"y001840_REV": 0.070791,"y001874": 0.026942,"y001887": 0.12301,"y001930": 0.0013352,"y001932_REV": 0.060356,"y001963_REV": 0.023597,"y001964": 0.023597,"y001977": 0.011798,"y001978": 9.9919,"y001979": 10.2102,"y001980": 0.0003338,"y001992": -10.2102,"y002005": -0.26012,"y002032": 2.8179,"y002034": 2.2699,"y002053": 0.011798,"y002054": 0.011798,"y002060": -0.10661,"y002093_REV": 0.15964,"y002094_REV": 0.011798,"y002096_REV": 68.6493,"y002098": 0.0010849,"y002100": 67.7059,"y002111": 0.54671,"y002116_EXP_2": 3.7769,"y002125_REV": 0.078944,"y002131": 0.62981,"y002132": 8.504e-05,"y002140": 0.016328,"y002141": 0.063256,"y002182": 5.4671e-05,"y002183": 0.059751,"y002200": 0.00025035,"y002201": 0.0001669,"y002221": 0.00041725,"y002250": 0.00025035,"y002251": 0.00041725,"y002268": 0.00041725,"y003508": 0.00025035,"y003509": 0.0001669,"y003517": 5.4671e-05,"y003519": 0.059751,"y003520_REV": 0.042977,"y003525": 0.051855,"y003526_REV": 0.15282,"y003528_REV": 0.00022142,"y003531": 0.076412,"y003532": 0.076412,"y003533_REV": 0.076412,"y003536_REV": 0.016351,"y003538": 0.017553,"y003539_REV": 0.0012018,"y003540_REV": 0.016351,"y003545": 0.014383,"y003546": 0.0019681,"y003547": 0.023355,"y003548_REV": 0.023355,"y003577": 0.015856,"y003579": 0.0035049,"y003580": 0.042977,"y003582": 0.032256,"y003583": 0.032256,"y003584_REV": 0.032256,"y003585": 0.00041725,"y003586_REV": 0.00041725,"y003587_REV": 0.00041725,"y003596": 0.0017232,"y003668": 0.029116,"y003669_REV": 0.013307,"y003681": 0.00025035,"y003682": 0.0001669,"y003721": 5.4671e-05,"y003722": 0.00016675,"y003939": 0.00022142,"y003957_REV": 0.0010207,"y003958": 0.00046033,"y003959_REV": 0.015249,"y003960": 0.015249,"y003961_REV": 0.014788,"y003962_REV": 0.015249,"y102512": 0.0012018,"y102542": 0.014788,"y102884": 0.01485,"y103098": 0.014328,"y103312": 0.01485,"y103554": 0.016051,"y103588_REV": 0.0017232,"y103672": 0.014328,"y103685": 0.01485,"y103731": 0.0077851,