{"xAMINOACID": 0.454,"xBIOMASS": 0.454,"xLIPID": 0.000454,"xPOOL_AC_EM": 0.051325,"xPOOL_FA_LP": 0.0015047,"y000005": 0.20044,"y000007": 0.067192,"y000008": 0.021565,"y000016": 0.09534,"y000018": 0.15164,"y000020": 0.1925,"y000023": -0.19113,"y000025": 0.19113,"y000027": 0.15164,"y000029": 0.19113,"y000032": 0.08853,"y000039": 0.1925,"y000040": 0.1925,"y000057": 0.00015849,"y000060": -0.19113,"y000061": 0.19113,"y000065": 0.1925,"y000079": 0.11109,"y000080": 0.096385,"y000096": 0.3237,"y000097": 0.3237,"y000102": 0.00026415,"y000104": 0.058787,"y000105": 0.00015849,"y000109": 0.39306,"y000112": 0.08853,"y000115": 0.10397,"y000118": 0.10397,"y000123": 0.00026415,"y000125": 0.00015849,"y000127": 0.00013847,"y000132": 4.54e-05,"y000142": 0.029193,"y000144": 0.029193,"y000148": 0.89299,"y000151": 0.11109,"y000152": 0.11895,"y000153": 0.11895,"y000154": 0.08853,"y000195": 0.0014528,"y000202": 0.021338,"y000203": 0.021338,"y000207": 0.10397,"y000208": 0.10397,"y000214": 0.089029,"y000215": 0.2951,"y000216": 11.1097,"y000217": 12.063,"y000219": 0.2951,"y000225": 0.067192,"y000226": 42.476,"y000231": 0.0097978,"y000233": 0.0097978,"y000234": 0.0097978,"y000235": 0.0097978,"y000236": 0.0097978,"y000237": 0.0097978,"y000238": 0.0097978,"y000239": 0.0097978,"y000240": 0.0097978,"y000241": 0.0097978,"y000242": 0.0097978,"y000243": 0.0097978,"y000244": 0.0097978,"y000250": 0.193,"y000251": 0.00038227,"y000253": 0.00042264,"y000254": 0.00042264,"y000256": 0.00021132,"y000257": 0.013578,"y000258": 0.00076454,"y000272": 0.18469,"y000278": 0.17116,"y000279": 0.1925,"y000280": 0.64468,"y000300": 1.2728,"y000302": 0.64468,"y000307": 0.060745,"y000309": 0.021338,"y000310": 0.021338,"y000317": 0.0097978,"y000326": 0.017388,"y000330": -0.017116,"y000336_1": 0.0056795,"y000337": 0.0056795,"y000349": -0.089029,"y000352": 0.3237,"y000353": 0.09534,"y000354": 8.0479,"y000355": 0.019596,"y000361": 0.050122,"y000362": 0.050122,"y000366": 4.3381,"y000400": -0.00015849,"y000402": 0.00026415,"y000412": -0.00010566,"y000438": 32.5063,"y000439": 16.2531,"y000446": -2.2527,"y000447": -0.00027592,"y000449": 0.69639,"y000450": -0.69639,"y000452": 0.33401,"y000453": 0.089029,"y000462": 0.019596,"y000467": -0.20498,"y000471": 3.8225,"y000476": 0.8912,"y000477": 0.18469,"y000486": 6.4519,"y000487": 8.0479,"y000488": 0.021948,"y000495": 0.021565,"y000501": 0.71907,"y000502": 2.6559,"y000503": -0.71879,"y000514": 0.059338,"y000528": 0.017116,"y000536": 0.067192,"y000537": 0.067192,"y000538": 0.067192,"y000542": 0.15164,"y000545": 0.15164,"y000547": 0.2951,"y000548": 0.20657,"y000549": 0.08853,"y000558": 0.058787,"y000560": 0.058787,"y000563": 0.067192,"y000564": 0.067192,"y000565": 0.059338,"y000566": 0.021338,"y000569": 1.3854,"y000570": 0.17829,"y000658": 0.16599,"y000663": -0.09534,"y000667": 0.019596,"y000669": 0.09534,"y000678": 0.15164,"y000679": -0.11759,"y000692": 0.074002,"y000698": 0.0097978,"y000699": -0.19113,"y000713": 13.3359,"y000714": -13.0455,"y000715": -0.00042264,"y000719": 0.044038,"y000722": 0.050122,"y000723": -0.050122,"y000724": 0.00027592,"y000725": 2.431,"y000726": 0.029193,"y000727": 0.096385,"y000731": 4.084,"y000732": -1.5419,"y000733": 0.00027592,"y000735": 0.012384,"y000736": 0.046402,"y000739": 0.058787,"y000757": 0.0016344,"y000758": 0.0016344,"y000759": 0.10397,"y000760": 0.18469,"y000792": 0.011898,"y000800": 0.16907,"y000811": 0.44733,"y000813": 0.08853,"y000816": 0.10397,"y000818": 0.10397,"y000820": -0.089029,"y000821": 0.089029,"y000851": 0.63114,"y000855": 0.11109,"y000859": 0.006465,"y000860": 0.00038227,"y000875": 0.0016344,"y000877": 0.011051,"y000880": 0.011944,"y000882": 0.18469,"y000883": 0.08853,"y000888": 0.20189,"y000891": 2.1138,"y000892": 6.4519,"y000893": 4.3381,"y000900": 0.006465,"y000901": 0.006465,"y000902": -0.050122,"y000904": 0.058787,"y000908": 0.11109,"y000909": 0.067192,"y000910": 0.067192,"y000911": 0.11109,"y000912": 0.17829,"y000913": 0.021338,"y000914": 0.11109,"y000915": 0.11109,"y000916": 0.28865,"y000917": 2.1138,"y000918": 2.1138,"y000938": 0.10397,"y000939": 0.067192,"y000957": 0.10215,"y000958": 1.308,"y000961": 1.7916,"y000962": 3.9531,"y000974": 0.017388,"y000976": 0.034504,"y000978": 0.017116,"y000982": 0.2566,"y000984": -0.2566,"y000986": 0.0097978,"y000988": 0.15164,"y000989": 0.15164,"y000996": 0.1925,"y000997": 0.1925,"y001011": 0.0097978,"y001012": 0.0097978,"y001021": 0.089029,"y001025": 0.08853,"y001027": 0.08853,"y001038": 0.15754,"y001041": 0.20657,"y001045": 0.017388,"y001048": -0.032052,"y001049": -0.032052,"y001050": -0.22455,"y001051": 0.0014528,"y001054": 7.3515,"y001055": 0.021338,"y001069": 0.18469,"y001072": 0.060745,"y001084": 0.20189,"y001088": -0.13257,"y001099": 0.15164,"y001110": 42.3723,"y001115": 4.0603,"y001118": 12.063,"y001120": 0.00042264,"y001126": -0.43567,"y001127": -0.1925,"y001129": 0.058787,"y001130": 0.00076454,"y001171": 8.0699,"y001194": 0.3405,"y001237": 0.10397,"y001244": 0.21601,"y001245": 39.4085,"y001265": 0.089029,"y001266": 0.08853,"y001277": -59.0937,"y001543": 0.20044,"y001567": -0.1925,"y001574": -0.19113,"y001585": 0.09534,"y001596": -0.09534,"y001654": -4.0603,"y001667": 1.8941,"y001672": 2.72,"y001674": 0.00042264,"y001696": -3.77,"y001697": 2.72,"y001704": -0.034504,"y001708": 0.1925,"y001729": -0.017388,"y001748": -0.050122,"y001754": 0.0097978,"y001758": 0.0096139,"y001771": -0.00015849,"y001772": -0.00010566,"y001774": 0.00026415,"y001793": 2.2628,"y001794": 0.00027592,"y001795": -2.2628,"y001808": -8.0699,"y001809": 0.00038227,"y001811": 1.4379,"y001815": 0.97845,"y001816": 0.97845,"y001824": 23.8673,"y001825": -0.030526,"y001832": -32.1532,"y001838": 0.15164,"y001840": -0.058787,"y001887": 0.10215,"y001930": 0.00042264,"y001932": -0.050122,"y001963": -0.019596,"y001964": 0.019596,"y001965": -0.71907,"y001977": 0.0097978,"y001978": 8.1266,"y001979": 8.2928,"y001980": 0.00021132,"y001992": -8.2928,"y002005": -0.21601,"y002032": 1.3847,"y002034": 2.4903,"y002045": -0.71879,"y002053": 0.0097978,"y002054": 0.0097978,"y002060": -0.08853,"y002093": -0.13257,"y002094": -0.0097978,"y002096": -55.1767,"y002100": 59.0937,"y002111": 0.454,"y002117": -0.7351,"y002119": 0.067192,"y002125": -0.00064854,"y002131": 0.47869,"y002132": 12.9442,"y002140": 0.010347,"y002141": 0.040078,"y002182": 4.54e-05,"y002183": 0.037859,"y002194": 0.00015398,"y002195": 0.00010265,"y002196": -0.00026415,"y002199": -0.00077494,"y002202": -0.0002859,"y002204": -6.3199e-05,"y002250": 0.00015849,"y002251": 0.00026415,"y002268": 0.00026415,"y003508": 0.00015849,"y003509": 0.00010566,"y003510": -0.00026415,"y003513": -0.00077494,"y003517": 0.010061,"y003519": 0.040015,"y003525": 0.029023,"y003526": -0.091156,"y003528": -0.049777,"y003531": 0.048418,"y003532": 0.048418,"y003533": -0.048418,"y003534": 0.021565,"y003536": -0.012796,"y003537": -0.0056795,"y003538": 0.013578,"y003540": -0.013578,"y003543": -0.00078246,"y003544": 0.00078246,"y003545": 0.011944,"y003546": 0.0016344,"y003547": 0.019395,"y003548": -0.019395,"y003574": 0.00077494,"y003577": 0.0002859,"y003579": 6.3199e-05,"y003585": -0.00064854,"y003586": 0.00064854,"y003587": 0.00064854,"y003668": 0.00038227,"y003669": -0.011051,"y003681": 4.5142e-06,"y003682": 3.0095e-06,"y003721": 4.54e-05,"y003722": 0.00013847,"y003939": 0.00018387,"y003957": 0.011051,"y003958": 0.00038227,"y003959": -0.00076454,"y003960": 0.00076454,"y003961": -0.00038227,"y003962": -0.00076454,"y102542": 0.00038227,"y103685": 0.0056795,"y103731": 0.006465,"y103739": 0.0045859,"y103755": -0.0015431,"y103759": 0.00076454,"y103765": 0.011051,"y103773": 0.011051,"y200003": 0.62817,"y200014": 0.11109,"y300009": 0.010513,"y300011": -0.00029944,"y300018": -0.00029944,"y300019": 0.00029944,"y300029": 16.1641,"y300057": -0.10215,"y300065": 0.97845,"y300066": -0.97845,"y300076": 0.017388}